Year,Site,Habitat,Genus,N,CN_ratio (weight percent)
2006,LTER 1,Fringe,Turbinaria,NA,34.27
2006,LTER 1,Fringe,Turbinaria,NA,35.42
2006,LTER 1,Fringe,Turbinaria,NA,36.64
2006,LTER 1,Fringe,Turbinaria,NA,34.8
2006,LTER 1,Fringe,Turbinaria,NA,34.69
2006,LTER 1,Back Reef,Turbinaria,NA,32.23
2006,LTER 1,Back Reef,Turbinaria,NA,35.87
2006,LTER 1,Back Reef,Turbinaria,NA,33.21
2006,LTER 1,Back Reef,Turbinaria,NA,36.53
2006,LTER 1,Back Reef,Turbinaria,NA,33.56
2006,LTER 1,Reef Crest,Turbinaria,NA,29.12
2006,LTER 1,Reef Crest,Turbinaria,NA,27.29
2006,LTER 1,Reef Crest,Turbinaria,NA,26.4
2006,LTER 1,Reef Crest,Turbinaria,NA,33.36
2006,LTER 1,Reef Crest,Turbinaria,NA,36.04
2006,LTER 5,Fringe,Turbinaria,NA,34.89
2006,LTER 5,Fringe,Turbinaria,NA,29.01
2006,LTER 5,Fringe,Turbinaria,NA,31.51
2006,LTER 5,Fringe,Turbinaria,NA,37.07
2006,LTER 5,Fringe,Turbinaria,NA,28.53
2006,LTER 5,Back Reef,Turbinaria,NA,31.15
2006,LTER 5,Back Reef,Turbinaria,NA,35.38
2006,LTER 5,Back Reef,Turbinaria,NA,34.77
2006,LTER 5,Back Reef,Turbinaria,NA,35.51
2006,LTER 5,Back Reef,Turbinaria,NA,27.73
2006,LTER 5,Reef Crest,Turbinaria,NA,35.72
2006,LTER 5,Reef Crest,Turbinaria,NA,34.75
2006,LTER 5,Reef Crest,Turbinaria,NA,29.79
2006,LTER 5,Reef Crest,Turbinaria,NA,34.49
2006,LTER 5,Reef Crest,Turbinaria,NA,33.52
2007,LTER 1,Fringe,Turbinaria,1.05,27.7
2007,LTER 1,Fringe,Turbinaria,1.04,28.87
2007,LTER 1,Fringe,Turbinaria,1.15,24.92
2007,LTER 1,Fringe,Turbinaria,1.14,26.29
2007,LTER 1,Fringe,Turbinaria,0.65,46.03
2007,LTER 1,Fringe,Turbinaria,0.8,33.63
2007,LTER 1,Fringe,Turbinaria,0.91,32.24
2007,LTER 1,Fringe,Turbinaria,0.92,30.59
2007,LTER 1,Fringe,Turbinaria,0.78,34.99
2007,LTER 1,Fringe,Turbinaria,0.77,36.42
2007,LTER 1,Back Reef,Turbinaria,1.18,27.33
2007,LTER 1,Back Reef,Turbinaria,1.07,29.06
2007,LTER 1,Back Reef,Turbinaria,0.95,33.28
2007,LTER 1,Back Reef,Turbinaria,1.08,29.45
2007,LTER 1,Back Reef,Turbinaria,1.03,29.11
2007,LTER 1,Back Reef,Turbinaria,0.9,35.47
2007,LTER 1,Back Reef,Turbinaria,1.13,25.31
2007,LTER 1,Back Reef,Turbinaria,1.09,27.62
2007,LTER 1,Back Reef,Turbinaria,0.77,39.09
2007,LTER 1,Back Reef,Turbinaria,0.76,36.19
2007,LTER 1,Reef Crest,Turbinaria,0.74,40.11
2007,LTER 1,Reef Crest,Turbinaria,0.7,41.79
2007,LTER 1,Reef Crest,Turbinaria,0.71,44.83
2007,LTER 1,Reef Crest,Turbinaria,0.73,41.38
2007,LTER 1,Reef Crest,Turbinaria,0.76,36.82
2007,LTER 1,Reef Crest,Turbinaria,0.71,41.25
2007,LTER 1,Reef Crest,Turbinaria,0.76,40.17
2007,LTER 1,Reef Crest,Turbinaria,0.7,43.88
2007,LTER 1,Reef Crest,Turbinaria,0.67,45.59
2007,LTER 1,Reef Crest,Turbinaria,0.73,41.39
2007,LTER 2,Fringe,Turbinaria,0.98,26.02
2007,LTER 2,Fringe,Turbinaria,0.95,25.45
2007,LTER 2,Fringe,Turbinaria,0.83,31.37
2007,LTER 2,Fringe,Turbinaria,0.95,29.41
2007,LTER 2,Fringe,Turbinaria,0.84,31.54
2007,LTER 2,Fringe,Turbinaria,0.88,31.47
2007,LTER 2,Fringe,Turbinaria,0.85,31.3
2007,LTER 2,Fringe,Turbinaria,0.84,30.4
2007,LTER 2,Fringe,Turbinaria,0.78,34.55
2007,LTER 2,Fringe,Turbinaria,0.77,31.35
2007,LTER 2,Back Reef,Turbinaria,0.65,45.46
2007,LTER 2,Back Reef,Turbinaria,0.59,47.07
2007,LTER 2,Back Reef,Turbinaria,0.75,39.06
2007,LTER 2,Back Reef,Turbinaria,0.69,39.81
2007,LTER 2,Back Reef,Turbinaria,0.68,42.6
2007,LTER 2,Back Reef,Turbinaria,0.87,31.83
2007,LTER 2,Back Reef,Turbinaria,0.69,39.84
2007,LTER 2,Back Reef,Turbinaria,0.67,42.55
2007,LTER 2,Back Reef,Turbinaria,0.74,38.77
2007,LTER 2,Back Reef,Turbinaria,0.79,39.65
2007,LTER 2,Reef Crest,Turbinaria,0.75,40.04
2007,LTER 2,Reef Crest,Turbinaria,0.59,50.25
2007,LTER 2,Reef Crest,Turbinaria,0.61,47.81
2007,LTER 2,Reef Crest,Turbinaria,0.7,43.18
2007,LTER 2,Reef Crest,Turbinaria,0.64,44.32
2007,LTER 2,Reef Crest,Turbinaria,0.45,67.63
2007,LTER 2,Reef Crest,Turbinaria,0.63,48.88
2007,LTER 2,Reef Crest,Turbinaria,0.62,45.87
2007,LTER 2,Reef Crest,Turbinaria,0.64,45.7
2007,LTER 2,Reef Crest,Turbinaria,0.55,45.48
2007,LTER 3,Fringe,Turbinaria,0.84,35.77
2007,LTER 3,Fringe,Turbinaria,1.02,27.6
2007,LTER 3,Fringe,Turbinaria,0.8,34.64
2007,LTER 3,Fringe,Turbinaria,0.95,29.16
2007,LTER 3,Fringe,Turbinaria,0.84,31.91
2007,LTER 3,Fringe,Turbinaria,0.84,33.23
2007,LTER 3,Fringe,Turbinaria,0.72,39.74
2007,LTER 3,Fringe,Turbinaria,0.74,36.72
2007,LTER 3,Fringe,Turbinaria,0.95,30.4
2007,LTER 3,Fringe,Turbinaria,0.69,41.2
2007,LTER 3,Back Reef,Turbinaria,0.79,39.27
2007,LTER 3,Back Reef,Turbinaria,0.69,46.41
2007,LTER 3,Back Reef,Turbinaria,0.69,42.61
2007,LTER 3,Back Reef,Turbinaria,0.57,53.29
2007,LTER 3,Back Reef,Turbinaria,0.76,38.91
2007,LTER 3,Back Reef,Turbinaria,0.55,54.74
2007,LTER 3,Back Reef,Turbinaria,0.48,65.22
2007,LTER 3,Back Reef,Turbinaria,0.74,40.82
2007,LTER 3,Back Reef,Turbinaria,0.47,59.99
2007,LTER 3,Back Reef,Turbinaria,0.68,43.18
2007,LTER 3,Reef Crest,Turbinaria,0.69,41.91
2007,LTER 3,Reef Crest,Turbinaria,0.59,49.4
2007,LTER 3,Reef Crest,Turbinaria,0.78,37.86
2007,LTER 3,Reef Crest,Turbinaria,0.61,51.47
2007,LTER 3,Reef Crest,Turbinaria,0.62,47.93
2007,LTER 3,Reef Crest,Turbinaria,0.59,55.44
2007,LTER 3,Reef Crest,Turbinaria,0.67,46.69
2007,LTER 3,Reef Crest,Turbinaria,0.73,44.03
2007,LTER 3,Reef Crest,Turbinaria,0.69,45.44
2007,LTER 3,Reef Crest,Turbinaria,0.74,42.04
2007,LTER 4,Fringe,Turbinaria,1.07,28.99
2007,LTER 4,Fringe,Turbinaria,0.85,35.88
2007,LTER 4,Fringe,Turbinaria,0.91,34.5
2007,LTER 4,Fringe,Turbinaria,0.74,41.21
2007,LTER 4,Fringe,Turbinaria,0.99,31.1
2007,LTER 4,Fringe,Turbinaria,0.89,34.93
2007,LTER 4,Fringe,Turbinaria,0.75,42.27
2007,LTER 4,Fringe,Turbinaria,0.85,36.15
2007,LTER 4,Fringe,Turbinaria,1.04,31.06
2007,LTER 4,Fringe,Turbinaria,0.97,30.95
2007,LTER 4,Back Reef,Turbinaria,0.75,39.2
2007,LTER 4,Back Reef,Turbinaria,0.78,39.83
2007,LTER 4,Back Reef,Turbinaria,0.83,32.74
2007,LTER 4,Back Reef,Turbinaria,0.71,39.9
2007,LTER 4,Back Reef,Turbinaria,0.54,52
2007,LTER 4,Back Reef,Turbinaria,0.72,41.82
2007,LTER 4,Back Reef,Turbinaria,0.75,38.95
2007,LTER 4,Back Reef,Turbinaria,0.61,48.16
2007,LTER 4,Back Reef,Turbinaria,0.73,37.81
2007,LTER 4,Back Reef,Turbinaria,0.8,36.77
2007,LTER 4,Reef Crest,Turbinaria,0.67,43.84
2007,LTER 4,Reef Crest,Turbinaria,0.67,47.27
2007,LTER 4,Reef Crest,Turbinaria,0.75,40.6
2007,LTER 4,Reef Crest,Turbinaria,0.78,38.47
2007,LTER 4,Reef Crest,Turbinaria,0.64,49.02
2007,LTER 4,Reef Crest,Turbinaria,0.54,55.04
2007,LTER 4,Reef Crest,Turbinaria,0.75,41.48
2007,LTER 4,Reef Crest,Turbinaria,0.49,60.36
2007,LTER 4,Reef Crest,Turbinaria,0.73,44.25
2007,LTER 4,Reef Crest,Turbinaria,0.47,65.7
2007,LTER 5,Fringe,Turbinaria,0.84,35.7
2007,LTER 5,Fringe,Turbinaria,0.67,47.11
2007,LTER 5,Fringe,Turbinaria,0.73,41
2007,LTER 5,Fringe,Turbinaria,0.9,34.25
2007,LTER 5,Fringe,Turbinaria,0.81,34.22
2007,LTER 5,Fringe,Turbinaria,0.75,39.6
2007,LTER 5,Fringe,Turbinaria,0.91,31.03
2007,LTER 5,Fringe,Turbinaria,0.76,37.37
2007,LTER 5,Fringe,Turbinaria,0.84,32.87
2007,LTER 6,Fringe,Turbinaria,0.86,33.18
2007,LTER 6,Fringe,Turbinaria,0.94,31.94
2007,LTER 6,Fringe,Turbinaria,1,29.1
2007,LTER 6,Fringe,Turbinaria,0.99,30.58
2007,LTER 6,Fringe,Turbinaria,0.92,31.1
2007,LTER 6,Fringe,Turbinaria,0.73,38.5
2007,LTER 6,Fringe,Turbinaria,0.83,35.65
2007,LTER 6,Fringe,Turbinaria,0.71,38.49
2007,LTER 6,Fringe,Turbinaria,0.73,39.08
2007,LTER 6,Fringe,Turbinaria,0.77,35.26
2007,LTER 6,Back Reef,Turbinaria,0.67,43.52
2007,LTER 6,Back Reef,Turbinaria,0.82,34.47
2007,LTER 6,Back Reef,Turbinaria,0.76,36.67
2007,LTER 6,Back Reef,Turbinaria,0.68,40.94
2007,LTER 6,Back Reef,Turbinaria,0.77,41.18
2007,LTER 6,Back Reef,Turbinaria,0.89,32.83
2007,LTER 6,Back Reef,Turbinaria,0.6,50.53
2007,LTER 6,Back Reef,Turbinaria,0.81,36.7
2007,LTER 6,Back Reef,Turbinaria,0.7,39.71
2007,LTER 6,Back Reef,Turbinaria,0.78,35.72
2007,LTER 6,Reef Crest,Turbinaria,0.58,50.63
2007,LTER 6,Reef Crest,Turbinaria,0.67,48.05
2007,LTER 6,Reef Crest,Turbinaria,0.6,49.52
2007,LTER 6,Reef Crest,Turbinaria,0.64,49.6
2007,LTER 6,Reef Crest,Turbinaria,0.66,48.44
2007,LTER 6,Reef Crest,Turbinaria,0.73,45
2007,LTER 6,Reef Crest,Turbinaria,0.63,46.43
2007,LTER 6,Reef Crest,Turbinaria,0.67,42.4
2007,LTER 6,Reef Crest,Turbinaria,0.45,70.58
2007,LTER 6,Reef Crest,Turbinaria,0.68,42.92
2008,LTER 1,Fringe,Turbinaria,0.81,30.81
2008,LTER 1,Fringe,Turbinaria,0.76,29.45
2008,LTER 1,Fringe,Turbinaria,0.89,32.64
2008,LTER 1,Fringe,Turbinaria,0.86,30.67
2008,LTER 1,Fringe,Turbinaria,0.94,29.68
2008,LTER 1,Fringe,Turbinaria,0.64,36.05
2008,LTER 1,Fringe,Turbinaria,0.96,26.01
2008,LTER 1,Fringe,Turbinaria,0.77,36.92
2008,LTER 1,Fringe,Turbinaria,0.96,30.32
2008,LTER 1,Fringe,Turbinaria,1.17,22.36
2008,LTER 1,Back Reef,Turbinaria,1.38,20.2
2008,LTER 1,Back Reef,Turbinaria,0.88,28.32
2008,LTER 1,Back Reef,Turbinaria,0.77,33.87
2008,LTER 1,Back Reef,Turbinaria,1,28.95
2008,LTER 1,Back Reef,Turbinaria,0.88,34.69
2008,LTER 1,Back Reef,Turbinaria,0.82,33.87
2008,LTER 1,Back Reef,Turbinaria,0.91,30.03
2008,LTER 1,Back Reef,Turbinaria,0.92,29.9
2008,LTER 1,Back Reef,Turbinaria,0.87,29.14
2008,LTER 1,Back Reef,Turbinaria,1.01,26.54
2008,LTER 1,Reef Crest,Turbinaria,0.65,43.75
2008,LTER 1,Reef Crest,Turbinaria,0.75,31.91
2008,LTER 1,Reef Crest,Turbinaria,0.92,30.1
2008,LTER 1,Reef Crest,Turbinaria,0.73,37.84
2008,LTER 1,Reef Crest,Turbinaria,0.78,37.84
2008,LTER 1,Reef Crest,Turbinaria,0.68,40.57
2008,LTER 1,Reef Crest,Turbinaria,0.69,40.39
2008,LTER 1,Reef Crest,Turbinaria,0.88,31.73
2008,LTER 1,Reef Crest,Turbinaria,0.81,30.38
2008,LTER 1,Reef Crest,Turbinaria,0.72,38.93
2008,LTER 2,Fringe,Turbinaria,1.05,24.97
2008,LTER 2,Fringe,Turbinaria,0.94,26.85
2008,LTER 2,Fringe,Turbinaria,1.14,24.09
2008,LTER 2,Fringe,Turbinaria,1.1,26.58
2008,LTER 2,Fringe,Turbinaria,1.01,25.55
2008,LTER 2,Fringe,Turbinaria,0.83,33.19
2008,LTER 2,Fringe,Turbinaria,0.84,30.04
2008,LTER 2,Fringe,Turbinaria,0.85,30.61
2008,LTER 2,Fringe,Turbinaria,0.97,28.21
2008,LTER 2,Fringe,Turbinaria,3.3,8.8
2008,LTER 2,Back Reef,Turbinaria,0.84,34.18
2008,LTER 2,Back Reef,Turbinaria,3.56,7.98
2008,LTER 2,Back Reef,Turbinaria,0.82,37.06
2008,LTER 2,Back Reef,Turbinaria,1,29.27
2008,LTER 2,Back Reef,Turbinaria,0.65,44.23
2008,LTER 2,Back Reef,Turbinaria,1.06,26.39
2008,LTER 2,Back Reef,Turbinaria,0.87,31.64
2008,LTER 2,Back Reef,Turbinaria,4.27,6.81
2008,LTER 2,Back Reef,Turbinaria,2.44,11.5
2008,LTER 2,Back Reef,Turbinaria,0.86,33.98
2008,LTER 2,Reef Crest,Turbinaria,0.74,37.52
2008,LTER 2,Reef Crest,Turbinaria,0.79,37.04
2008,LTER 2,Reef Crest,Turbinaria,0.95,32.06
2008,LTER 2,Reef Crest,Turbinaria,0.89,31.52
2008,LTER 2,Reef Crest,Turbinaria,0.79,36.01
2008,LTER 2,Reef Crest,Turbinaria,0.76,38.51
2008,LTER 2,Reef Crest,Turbinaria,0.69,42.04
2008,LTER 2,Reef Crest,Turbinaria,0.86,34.98
2008,LTER 2,Reef Crest,Turbinaria,0.78,38.1
2008,LTER 2,Reef Crest,Turbinaria,0.74,38.37
2008,LTER 3,Fringe,Turbinaria,0.77,36.73
2008,LTER 3,Fringe,Turbinaria,0.99,27.9
2008,LTER 3,Fringe,Turbinaria,0.84,31.66
2008,LTER 3,Fringe,Turbinaria,0.98,28.98
2008,LTER 3,Fringe,Turbinaria,0.82,31.77
2008,LTER 3,Fringe,Turbinaria,1.03,28.76
2008,LTER 3,Fringe,Turbinaria,0.87,33.3
2008,LTER 3,Fringe,Turbinaria,0.98,26.34
2008,LTER 3,Fringe,Turbinaria,0.58,49.68
2008,LTER 3,Fringe,Turbinaria,0.89,30.57
2008,LTER 3,Back Reef,Turbinaria,0.81,36.23
2008,LTER 3,Back Reef,Turbinaria,0.55,53.65
2008,LTER 3,Back Reef,Turbinaria,0.66,42.68
2008,LTER 3,Back Reef,Turbinaria,0.83,35.35
2008,LTER 3,Back Reef,Turbinaria,0.86,34.46
2008,LTER 3,Back Reef,Turbinaria,0.72,39.62
2008,LTER 3,Back Reef,Turbinaria,0.98,29.84
2008,LTER 3,Back Reef,Turbinaria,0.96,31.15
2008,LTER 3,Back Reef,Turbinaria,0.93,31.99
2008,LTER 3,Back Reef,Turbinaria,0.91,33.5
2008,LTER 3,Reef Crest,Turbinaria,0.65,46.04
2008,LTER 3,Reef Crest,Turbinaria,0.74,39.64
2008,LTER 3,Reef Crest,Turbinaria,0.76,41.14
2008,LTER 3,Reef Crest,Turbinaria,0.77,37.25
2008,LTER 3,Reef Crest,Turbinaria,0.68,42.93
2008,LTER 3,Reef Crest,Turbinaria,0.6,52.67
2008,LTER 3,Reef Crest,Turbinaria,0.63,49.04
2008,LTER 3,Reef Crest,Turbinaria,0.56,55.57
2008,LTER 3,Reef Crest,Turbinaria,0.6,48.82
2008,LTER 3,Reef Crest,Turbinaria,0.64,49.66
2008,LTER 4,Fringe,Turbinaria,0.78,34.79
2008,LTER 4,Fringe,Turbinaria,0.99,26.75
2008,LTER 4,Fringe,Turbinaria,0.81,35.16
2008,LTER 4,Fringe,Turbinaria,0.89,30.29
2008,LTER 4,Fringe,Turbinaria,0.9,30.72
2008,LTER 4,Fringe,Turbinaria,0.91,29.16
2008,LTER 4,Fringe,Turbinaria,0.8,33.31
2008,LTER 4,Fringe,Turbinaria,0.88,32.48
2008,LTER 4,Fringe,Turbinaria,0.85,31.98
2008,LTER 4,Fringe,Turbinaria,1.14,24.7
2008,LTER 4,Back Reef,Turbinaria,0.75,38.81
2008,LTER 4,Back Reef,Turbinaria,0.83,35.64
2008,LTER 4,Back Reef,Turbinaria,0.61,44.11
2008,LTER 4,Back Reef,Turbinaria,0.59,54.61
2008,LTER 4,Back Reef,Turbinaria,0.57,50.33
2008,LTER 4,Back Reef,Turbinaria,0.6,46.84
2008,LTER 4,Back Reef,Turbinaria,0.67,41.98
2008,LTER 4,Back Reef,Turbinaria,0.74,36.93
2008,LTER 4,Back Reef,Turbinaria,0.71,39.28
2008,LTER 4,Back Reef,Turbinaria,0.66,44.58
2008,LTER 4,Reef Crest,Turbinaria,0.63,48.26
2008,LTER 4,Reef Crest,Turbinaria,0.64,43.24
2008,LTER 4,Reef Crest,Turbinaria,0.57,42.52
2008,LTER 4,Reef Crest,Turbinaria,0.75,41.08
2008,LTER 4,Reef Crest,Turbinaria,0.84,36.13
2008,LTER 4,Reef Crest,Turbinaria,0.8,39.05
2008,LTER 4,Reef Crest,Turbinaria,0.71,39.8
2008,LTER 4,Reef Crest,Turbinaria,0.7,41.41
2008,LTER 4,Reef Crest,Turbinaria,0.64,44.87
2008,LTER 4,Reef Crest,Turbinaria,0.87,34.82
2008,LTER 5,Fringe,Turbinaria,0.69,37.43
2008,LTER 5,Fringe,Turbinaria,0.82,32.42
2008,LTER 5,Fringe,Turbinaria,0.97,31.65
2008,LTER 5,Fringe,Turbinaria,0.79,32.55
2008,LTER 5,Fringe,Turbinaria,0.8,33.8
2008,LTER 5,Fringe,Turbinaria,0.92,28.37
2008,LTER 5,Fringe,Turbinaria,0.85,36.17
2008,LTER 5,Fringe,Turbinaria,0.89,29.22
2008,LTER 5,Fringe,Turbinaria,0.74,34.77
2008,LTER 5,Fringe,Turbinaria,0.83,31.79
2008,LTER 5,Back Reef,Turbinaria,0.65,43.92
2008,LTER 5,Back Reef,Turbinaria,0.88,35.33
2008,LTER 5,Back Reef,Turbinaria,0.68,47.31
2008,LTER 5,Back Reef,Turbinaria,0.51,49.1
2008,LTER 5,Back Reef,Turbinaria,0.61,45.76
2008,LTER 5,Back Reef,Turbinaria,0.55,53.37
2008,LTER 5,Back Reef,Turbinaria,0.6,49.73
2008,LTER 5,Back Reef,Turbinaria,0.68,42.8
2008,LTER 5,Back Reef,Turbinaria,0.47,66.6
2008,LTER 5,Back Reef,Turbinaria,0.52,56.9
2008,LTER 5,Reef Crest,Turbinaria,0.71,43.23
2008,LTER 5,Reef Crest,Turbinaria,0.31,85.16
2008,LTER 5,Reef Crest,Turbinaria,0.74,51.06
2008,LTER 5,Reef Crest,Turbinaria,0.48,63.68
2008,LTER 5,Reef Crest,Turbinaria,0.39,82.72
2008,LTER 5,Reef Crest,Turbinaria,0.67,42.42
2008,LTER 5,Reef Crest,Turbinaria,0.72,43.18
2008,LTER 5,Reef Crest,Turbinaria,0.58,48.19
2008,LTER 5,Reef Crest,Turbinaria,0.35,97.41
2008,LTER 5,Reef Crest,Turbinaria,0.54,53.79
2008,LTER 6,Back Reef,Turbinaria,0.78,41.03
2008,LTER 6,Back Reef,Turbinaria,0.74,39.55
2008,LTER 6,Back Reef,Turbinaria,0.64,47.37
2008,LTER 6,Back Reef,Turbinaria,0.77,37.71
2008,LTER 6,Back Reef,Turbinaria,0.73,39.65
2008,LTER 6,Back Reef,Turbinaria,0.72,39.09
2008,LTER 6,Back Reef,Turbinaria,0.8,36.93
2008,LTER 6,Back Reef,Turbinaria,0.8,37.64
2008,LTER 6,Back Reef,Turbinaria,0.72,42.12
2008,LTER 6,Back Reef,Turbinaria,0.69,43.83
2009,LTER 1,Fringe,Turbinaria,1.18,24
2009,LTER 1,Fringe,Turbinaria,1.15,24.5
2009,LTER 1,Fringe,Turbinaria,1.22,23.8
2009,LTER 1,Fringe,Turbinaria,1.1,25.9
2009,LTER 1,Fringe,Turbinaria,0.933,29.4
2009,LTER 1,Fringe,Turbinaria,0.968,29.3
2009,LTER 1,Fringe,Turbinaria,1,29.7
2009,LTER 1,Fringe,Turbinaria,0.81,34.3
2009,LTER 1,Fringe,Turbinaria,0.784,37.1
2009,LTER 1,Fringe,Turbinaria,0.909,32.8
2009,LTER 1,Back Reef,Turbinaria,0.96,31.9
2009,LTER 1,Back Reef,Turbinaria,0.871,34.1
2009,LTER 1,Back Reef,Turbinaria,0.88,32.1
2009,LTER 1,Back Reef,Turbinaria,0.885,33.7
2009,LTER 1,Back Reef,Turbinaria,0.812,35.4
2009,LTER 1,Back Reef,Turbinaria,0.91,35.9
2009,LTER 1,Back Reef,Turbinaria,0.729,38
2009,LTER 1,Back Reef,Turbinaria,0.882,32.6
2009,LTER 1,Back Reef,Turbinaria,0.709,38.5
2009,LTER 1,Back Reef,Turbinaria,0.917,31.2
2009,LTER 1,Reef Crest,Turbinaria,0.647,37.1
2009,LTER 1,Reef Crest,Turbinaria,0.778,35.5
2009,LTER 1,Reef Crest,Turbinaria,0.66,41.7
2009,LTER 1,Reef Crest,Turbinaria,0.613,43.3
2009,LTER 1,Reef Crest,Turbinaria,0.705,38.1
2009,LTER 1,Reef Crest,Turbinaria,0.774,35.6
2009,LTER 1,Reef Crest,Turbinaria,0.731,37.3
2009,LTER 1,Reef Crest,Turbinaria,0.587,50
2009,LTER 1,Reef Crest,Turbinaria,0.901,33.9
2009,LTER 1,Reef Crest,Turbinaria,0.738,37.9
2009,LTER 2,Fringe,Turbinaria,0.892,29.6
2009,LTER 2,Fringe,Turbinaria,0.909,28
2009,LTER 2,Fringe,Turbinaria,0.917,28.7
2009,LTER 2,Fringe,Turbinaria,0.788,33.3
2009,LTER 2,Fringe,Turbinaria,1.04,26.1
2009,LTER 2,Fringe,Turbinaria,1,27.8
2009,LTER 2,Fringe,Turbinaria,0.737,36.2
2009,LTER 2,Fringe,Turbinaria,0.853,31.4
2009,LTER 2,Fringe,Turbinaria,1.03,26.7
2009,LTER 2,Fringe,Turbinaria,0.774,34.7
2009,LTER 2,Back Reef,Turbinaria,0.79,31.7
2009,LTER 2,Back Reef,Turbinaria,0.921,27.6
2009,LTER 2,Back Reef,Turbinaria,0.774,33
2009,LTER 2,Back Reef,Turbinaria,0.998,26
2009,LTER 2,Back Reef,Turbinaria,0.798,32.3
2009,LTER 2,Back Reef,Turbinaria,0.903,27.7
2009,LTER 2,Back Reef,Turbinaria,0.765,33.1
2009,LTER 2,Back Reef,Turbinaria,0.964,25.3
2009,LTER 2,Back Reef,Turbinaria,0.87,29.5
2009,LTER 2,Back Reef,Turbinaria,0.921,26.1
2009,LTER 2,Reef Crest,Turbinaria,0.753,34.2
2009,LTER 2,Reef Crest,Turbinaria,0.764,35.9
2009,LTER 2,Reef Crest,Turbinaria,0.872,29.1
2009,LTER 2,Reef Crest,Turbinaria,0.831,31.9
2009,LTER 2,Reef Crest,Turbinaria,0.802,34.4
2009,LTER 2,Reef Crest,Turbinaria,0.81,32.8
2009,LTER 2,Reef Crest,Turbinaria,0.804,33.5
2009,LTER 2,Reef Crest,Turbinaria,0.929,28.1
2009,LTER 2,Reef Crest,Turbinaria,0.697,38.7
2009,LTER 2,Reef Crest,Turbinaria,0.553,48.9
2009,LTER 3,Fringe,Turbinaria,0.848,30
2009,LTER 3,Fringe,Turbinaria,0.879,29.4
2009,LTER 3,Fringe,Turbinaria,0.91,26.3
2009,LTER 3,Fringe,Turbinaria,0.762,34.2
2009,LTER 3,Fringe,Turbinaria,0.907,27.1
2009,LTER 3,Fringe,Turbinaria,0.96,25.5
2009,LTER 3,Fringe,Turbinaria,0.875,29.7
2009,LTER 3,Fringe,Turbinaria,0.912,27.3
2009,LTER 3,Fringe,Turbinaria,0.777,32.1
2009,LTER 3,Fringe,Turbinaria,0.84,29.2
2009,LTER 3,Reef Crest,Turbinaria,0.54,47.7
2009,LTER 3,Reef Crest,Turbinaria,0.586,48.7
2009,LTER 3,Reef Crest,Turbinaria,0.515,57.9
2009,LTER 3,Reef Crest,Turbinaria,0.552,53.8
2009,LTER 3,Reef Crest,Turbinaria,0.583,50
2009,LTER 3,Reef Crest,Turbinaria,0.511,52.9
2009,LTER 3,Reef Crest,Turbinaria,0.549,49.7
2009,LTER 3,Reef Crest,Turbinaria,0.562,46.8
2009,LTER 3,Reef Crest,Turbinaria,0.524,53.9
2009,LTER 3,Reef Crest,Turbinaria,0.453,67.8
2009,LTER 3,Back Reef,Turbinaria,0.583,46.5
2009,LTER 3,Back Reef,Turbinaria,0.741,35.8
2009,LTER 3,Back Reef,Turbinaria,0.565,46.6
2009,LTER 3,Back Reef,Turbinaria,0.683,39.9
2009,LTER 3,Back Reef,Turbinaria,0.657,38.5
2009,LTER 3,Back Reef,Turbinaria,0.633,39.1
2009,LTER 3,Back Reef,Turbinaria,0.525,49.5
2009,LTER 3,Back Reef,Turbinaria,0.616,44.2
2009,LTER 3,Back Reef,Turbinaria,0.608,44.9
2009,LTER 3,Back Reef,Turbinaria,0.54,48.9
2009,LTER 4,Fringe,Turbinaria,0.629,40.2
2009,LTER 4,Fringe,Turbinaria,0.65,38.7
2009,LTER 4,Fringe,Turbinaria,0.65,38.1
2009,LTER 4,Fringe,Turbinaria,0.694,36.3
2009,LTER 4,Fringe,Turbinaria,0.722,35.3
2009,LTER 4,Fringe,Turbinaria,0.677,38.7
2009,LTER 4,Fringe,Turbinaria,0.714,35
2009,LTER 4,Fringe,Turbinaria,0.802,31.4
2009,LTER 4,Fringe,Turbinaria,0.623,42.4
2009,LTER 4,Fringe,Turbinaria,0.74,36.1
2009,LTER 4,Back Reef,Turbinaria,0.701,40.1
2009,LTER 4,Back Reef,Turbinaria,0.709,39.1
2009,LTER 4,Back Reef,Turbinaria,0.681,39.5
2009,LTER 4,Back Reef,Turbinaria,0.55,49.4
2009,LTER 4,Back Reef,Turbinaria,0.717,36.6
2009,LTER 4,Back Reef,Turbinaria,0.567,46.6
2009,LTER 4,Back Reef,Turbinaria,0.839,30.6
2009,LTER 4,Back Reef,Turbinaria,0.7,36.9
2009,LTER 4,Back Reef,Turbinaria,0.641,42.7
2009,LTER 4,Back Reef,Turbinaria,0.538,52.9
2009,LTER 4,Reef Crest,Turbinaria,0.567,43.5
2009,LTER 4,Reef Crest,Turbinaria,0.707,40
2009,LTER 4,Reef Crest,Turbinaria,0.664,41
2009,LTER 4,Reef Crest,Turbinaria,0.737,37.3
2009,LTER 4,Reef Crest,Turbinaria,0.587,47.9
2009,LTER 4,Reef Crest,Turbinaria,0.562,49.3
2009,LTER 4,Reef Crest,Turbinaria,0.678,39.7
2009,LTER 4,Reef Crest,Turbinaria,0.707,37.8
2009,LTER 4,Reef Crest,Turbinaria,0.658,40.8
2009,LTER 4,Reef Crest,Turbinaria,0.64,44
2009,LTER 5,Fringe,Turbinaria,0.746,33.2
2009,LTER 5,Fringe,Turbinaria,0.679,36.5
2009,LTER 5,Fringe,Turbinaria,0.744,32.6
2009,LTER 5,Fringe,Turbinaria,0.729,37.2
2009,LTER 5,Fringe,Turbinaria,0.724,33.2
2009,LTER 5,Fringe,Turbinaria,0.802,33
2009,LTER 5,Fringe,Turbinaria,0.83,31.1
2009,LTER 5,Fringe,Turbinaria,0.679,38
2009,LTER 5,Fringe,Turbinaria,0.812,31.8
2009,LTER 5,Fringe,Turbinaria,0.764,35.6
2009,LTER 5,Back Reef,Turbinaria,0.616,48.5
2009,LTER 5,Back Reef,Turbinaria,0.51,58.7
2009,LTER 5,Back Reef,Turbinaria,0.549,51.7
2009,LTER 5,Back Reef,Turbinaria,0.564,49.3
2009,LTER 5,Back Reef,Turbinaria,0.521,59
2009,LTER 5,Back Reef,Turbinaria,0.561,47
2009,LTER 5,Back Reef,Turbinaria,0.593,46.1
2009,LTER 5,Back Reef,Turbinaria,0.56,58.2
2009,LTER 5,Back Reef,Turbinaria,0.688,44.2
2009,LTER 5,Back Reef,Turbinaria,0.629,48.8
2009,LTER 5,Reef Crest,Turbinaria,0.646,47
2009,LTER 5,Reef Crest,Turbinaria,0.739,38.2
2009,LTER 5,Reef Crest,Turbinaria,0.761,37.3
2009,LTER 5,Reef Crest,Turbinaria,0.772,36.2
2009,LTER 5,Reef Crest,Turbinaria,0.68,40
2009,LTER 5,Reef Crest,Turbinaria,0.755,36.9
2009,LTER 5,Reef Crest,Turbinaria,0.747,36
2009,LTER 5,Reef Crest,Turbinaria,0.763,36.4
2009,LTER 5,Reef Crest,Turbinaria,0.782,36.1
2009,LTER 6,Fringe,Turbinaria,0.82,34.9
2009,LTER 6,Fringe,Turbinaria,0.704,41.1
2009,LTER 6,Fringe,Turbinaria,0.711,38.2
2009,LTER 6,Fringe,Turbinaria,0.722,38.7
2009,LTER 6,Fringe,Turbinaria,0.799,35.4
2009,LTER 6,Fringe,Turbinaria,0.862,35.1
2009,LTER 6,Fringe,Turbinaria,0.777,37.3
2009,LTER 6,Fringe,Turbinaria,0.824,35.3
2009,LTER 6,Fringe,Turbinaria,0.683,40.7
2009,LTER 6,Fringe,Turbinaria,0.758,37.3
2009,LTER 6,Back Reef,Turbinaria,0.686,38.9
2009,LTER 6,Back Reef,Turbinaria,0.665,38.7
2009,LTER 6,Back Reef,Turbinaria,0.519,54.3
2009,LTER 6,Back Reef,Turbinaria,0.686,40.7
2009,LTER 6,Back Reef,Turbinaria,0.67,42.3
2009,LTER 6,Back Reef,Turbinaria,0.759,33.1
2009,LTER 6,Back Reef,Turbinaria,0.729,35.5
2009,LTER 6,Back Reef,Turbinaria,0.697,39.7
2009,LTER 6,Back Reef,Turbinaria,0.584,47
2009,LTER 6,Reef Crest,Turbinaria,0.562,50.5
2009,LTER 6,Reef Crest,Turbinaria,0.554,52.1
2009,LTER 6,Reef Crest,Turbinaria,0.472,64.6
2009,LTER 6,Reef Crest,Turbinaria,0.434,73
2009,LTER 6,Reef Crest,Turbinaria,0.506,56.2
2009,LTER 6,Reef Crest,Turbinaria,0.613,45.2
2009,LTER 6,Reef Crest,Turbinaria,0.498,57.1
2009,LTER 6,Reef Crest,Turbinaria,0.492,62.7
2009,LTER 6,Reef Crest,Turbinaria,0.632,46.3
2009,LTER 6,Reef Crest,Turbinaria,0.512,56.9
2010,LTER 1,Back Reef,Turbinaria,0.641,41
2010,LTER 1,Back Reef,Turbinaria,0.752,33.9
2010,LTER 1,Back Reef,Turbinaria,0.671,38.1
2010,LTER 1,Back Reef,Turbinaria,0.815,38.3
2010,LTER 1,Back Reef,Turbinaria,0.835,35.2
2010,LTER 1,Back Reef,Turbinaria,0.854,35
2010,LTER 1,Back Reef,Turbinaria,0.657,44
2010,LTER 1,Back Reef,Turbinaria,0.881,32
2010,LTER 1,Back Reef,Turbinaria,0.816,35.9
2010,LTER 1,Back Reef,Turbinaria,0.8,37.1
2010,LTER 2,Back Reef,Turbinaria,0.891,28.6
2010,LTER 2,Back Reef,Turbinaria,0.802,33.5
2010,LTER 2,Back Reef,Turbinaria,0.608,43.4
2010,LTER 2,Back Reef,Turbinaria,0.752,35.8
2010,LTER 2,Back Reef,Turbinaria,0.815,33.4
2010,LTER 2,Back Reef,Turbinaria,0.647,44
2010,LTER 2,Back Reef,Turbinaria,0.686,40.4
2010,LTER 2,Back Reef,Turbinaria,0.515,54.4
2010,LTER 2,Back Reef,Turbinaria,0.668,40.1
2010,LTER 2,Back Reef,Turbinaria,0.669,45.1
2010,LTER 3,Back Reef,Turbinaria,0.49,59.4
2010,LTER 3,Back Reef,Turbinaria,0.576,46.6
2010,LTER 3,Back Reef,Turbinaria,0.544,50.7
2010,LTER 3,Back Reef,Turbinaria,0.546,49.8
2010,LTER 3,Back Reef,Turbinaria,0.824,35.1
2010,LTER 3,Back Reef,Turbinaria,0.489,63
2010,LTER 3,Back Reef,Turbinaria,0.638,44.3
2010,LTER 3,Back Reef,Turbinaria,0.677,37.1
2010,LTER 3,Back Reef,Turbinaria,0.589,48.4
2010,LTER 3,Back Reef,Turbinaria,0.558,55.3
2010,LTER 4,Back Reef,Turbinaria,0.746,40.1
2010,LTER 4,Back Reef,Turbinaria,0.747,39.9
2010,LTER 4,Back Reef,Turbinaria,0.681,43.6
2010,LTER 4,Back Reef,Turbinaria,0.617,46.4
2010,LTER 4,Back Reef,Turbinaria,0.686,41
2010,LTER 4,Back Reef,Turbinaria,0.672,40.1
2010,LTER 4,Back Reef,Turbinaria,0.65,44.6
2010,LTER 4,Back Reef,Turbinaria,0.717,41.1
2010,LTER 4,Back Reef,Turbinaria,0.676,43
2010,LTER 4,Back Reef,Turbinaria,0.616,44.8
2010,LTER 5,Back Reef,Turbinaria,0.753,38.4
2010,LTER 5,Back Reef,Turbinaria,0.626,46.6
2010,LTER 5,Back Reef,Turbinaria,0.801,35.4
2010,LTER 5,Back Reef,Turbinaria,0.663,43.9
2010,LTER 5,Back Reef,Turbinaria,0.669,44
2010,LTER 5,Back Reef,Turbinaria,0.538,54.7
2010,LTER 5,Back Reef,Turbinaria,0.651,43.7
2010,LTER 6,Back Reef,Turbinaria,0.676,40.6
2010,LTER 6,Back Reef,Turbinaria,0.837,34
2010,LTER 6,Back Reef,Turbinaria,0.735,37.5
2010,LTER 6,Back Reef,Turbinaria,0.7,38.2
2010,LTER 6,Back Reef,Turbinaria,0.859,31.7
2010,LTER 6,Back Reef,Turbinaria,0.717,38.3
2010,LTER 6,Back Reef,Turbinaria,0.732,38.2
2010,LTER 6,Back Reef,Turbinaria,0.635,42.1
2010,LTER 6,Back Reef,Turbinaria,0.706,38
2010,LTER 6,Back Reef,Turbinaria,0.622,41.9
2010,LTER 1,Reef Crest,Turbinaria,0.754,37.2
2010,LTER 1,Reef Crest,Turbinaria,0.811,35.4
2010,LTER 1,Reef Crest,Turbinaria,0.762,39.3
2010,LTER 1,Reef Crest,Turbinaria,0.743,41.6
2010,LTER 1,Reef Crest,Turbinaria,0.63,46.1
2010,LTER 1,Reef Crest,Turbinaria,0.783,35.5
2010,LTER 1,Reef Crest,Turbinaria,0.8,36.1
2010,LTER 1,Reef Crest,Turbinaria,0.872,32.4
2010,LTER 1,Reef Crest,Turbinaria,0.604,45.2
2010,LTER 1,Reef Crest,Turbinaria,0.617,45.5
2010,LTER 2,Reef Crest,Turbinaria,0.707,40.2
2010,LTER 2,Reef Crest,Turbinaria,0.824,36.6
2010,LTER 2,Reef Crest,Turbinaria,0.815,35.4
2010,LTER 2,Reef Crest,Turbinaria,0.705,38.8
2010,LTER 2,Reef Crest,Turbinaria,0.78,36.9
2010,LTER 2,Reef Crest,Turbinaria,0.817,35.5
2010,LTER 2,Reef Crest,Turbinaria,0.854,33.5
2010,LTER 2,Reef Crest,Turbinaria,0.762,37.4
2010,LTER 2,Reef Crest,Turbinaria,0.837,31.4
2010,LTER 2,Reef Crest,Turbinaria,0.723,39.6
2010,LTER 3,Reef Crest,Turbinaria,0.748,39.3
2010,LTER 3,Reef Crest,Turbinaria,0.724,40.9
2010,LTER 3,Reef Crest,Turbinaria,0.705,43.3
2010,LTER 3,Reef Crest,Turbinaria,0.73,37.4
2010,LTER 3,Reef Crest,Turbinaria,0.664,42.1
2010,LTER 3,Reef Crest,Turbinaria,0.706,42.1
2010,LTER 3,Reef Crest,Turbinaria,0.737,38
2010,LTER 3,Reef Crest,Turbinaria,0.673,43.5
2010,LTER 3,Reef Crest,Turbinaria,0.663,44.6
2010,LTER 3,Reef Crest,Turbinaria,0.77,36.1
2010,LTER 4,Reef Crest,Turbinaria,0.649,46.9
2010,LTER 4,Reef Crest,Turbinaria,0.708,44
2010,LTER 4,Reef Crest,Turbinaria,0.51,64.5
2010,LTER 4,Reef Crest,Turbinaria,0.612,48.9
2010,LTER 4,Reef Crest,Turbinaria,0.768,38
2010,LTER 4,Reef Crest,Turbinaria,0.691,39.7
2010,LTER 4,Reef Crest,Turbinaria,0.721,42.8
2010,LTER 4,Reef Crest,Turbinaria,0.731,39.9
2010,LTER 4,Reef Crest,Turbinaria,0.664,43.7
2010,LTER 4,Reef Crest,Turbinaria,0.705,40.8
2010,LTER 5,Reef Crest,Turbinaria,0.772,36.8
2010,LTER 5,Reef Crest,Turbinaria,0.627,49.2
2010,LTER 5,Reef Crest,Turbinaria,0.873,32.5
2010,LTER 5,Reef Crest,Turbinaria,0.83,33.9
2010,LTER 5,Reef Crest,Turbinaria,0.675,41.9
2010,LTER 5,Reef Crest,Turbinaria,0.834,37.3
2010,LTER 5,Reef Crest,Turbinaria,0.536,56.5
2010,LTER 5,Reef Crest,Turbinaria,0.774,36.9
2010,LTER 5,Reef Crest,Turbinaria,0.896,32.8
2010,LTER 5,Reef Crest,Turbinaria,0.74,38.5
2010,LTER 6,Reef Crest,Turbinaria,0.664,46.3
2010,LTER 6,Reef Crest,Turbinaria,0.658,43.2
2010,LTER 6,Reef Crest,Turbinaria,0.651,44.9
2010,LTER 6,Reef Crest,Turbinaria,0.666,47.5
2010,LTER 6,Reef Crest,Turbinaria,0.712,36.2
2010,LTER 6,Reef Crest,Turbinaria,0.678,43.3
2010,LTER 6,Reef Crest,Turbinaria,0.766,37.3
2010,LTER 6,Reef Crest,Turbinaria,0.689,41.1
2010,LTER 6,Reef Crest,Turbinaria,0.631,49
2010,LTER 6,Reef Crest,Turbinaria,0.93,29.2
2010,LTER 1,Fringe,Turbinaria,0.823,35.1
2010,LTER 1,Fringe,Turbinaria,0.789,35.8
2010,LTER 1,Fringe,Turbinaria,0.689,39.1
2010,LTER 1,Fringe,Turbinaria,0.651,41.5
2010,LTER 1,Fringe,Turbinaria,0.795,35.9
2010,LTER 1,Fringe,Turbinaria,0.724,37.8
2010,LTER 1,Fringe,Turbinaria,0.776,35
2010,LTER 1,Fringe,Turbinaria,0.593,39.8
2010,LTER 1,Fringe,Turbinaria,0.712,38.4
2010,LTER 1,Fringe,Turbinaria,0.67,40
2010,LTER 2,Fringe,Turbinaria,0.837,33.4
2010,LTER 2,Fringe,Turbinaria,0.79,34.6
2010,LTER 2,Fringe,Turbinaria,0.962,30.7
2010,LTER 2,Fringe,Turbinaria,0.679,39.7
2010,LTER 2,Fringe,Turbinaria,1.01,27.6
2010,LTER 2,Fringe,Turbinaria,0.699,37.5
2010,LTER 2,Fringe,Turbinaria,0.68,40.6
2010,LTER 2,Fringe,Turbinaria,0.944,30.4
2010,LTER 6,Fringe,Turbinaria,0.64,44
2010,LTER 6,Fringe,Turbinaria,0.915,30.1
2010,LTER 6,Fringe,Turbinaria,0.799,34.2
2010,LTER 6,Fringe,Turbinaria,0.697,39.2
2010,LTER 6,Fringe,Turbinaria,0.912,29.7
2010,LTER 6,Fringe,Turbinaria,0.686,40
2010,LTER 6,Fringe,Turbinaria,0.774,35.2
2010,LTER 6,Fringe,Turbinaria,0.669,42
2010,LTER 6,Fringe,Turbinaria,0.855,31.4
2010,LTER 6,Fringe,Turbinaria,0.926,27.8
2010,LTER 3,Fringe,Turbinaria,0.87,31.7
2010,LTER 3,Fringe,Turbinaria,0.927,30.7
2010,LTER 3,Fringe,Turbinaria,1.09,25
2010,LTER 3,Fringe,Turbinaria,0.97,29.3
2010,LTER 3,Fringe,Turbinaria,0.823,34
2010,LTER 3,Fringe,Turbinaria,0.915,32.2
2010,LTER 3,Fringe,Turbinaria,0.719,38
2010,LTER 3,Fringe,Turbinaria,0.705,39
2010,LTER 3,Fringe,Turbinaria,0.805,34.4
2010,LTER 3,Fringe,Turbinaria,0.438,43.5
2010,LTER 5,Fringe,Turbinaria,0.858,31.4
2010,LTER 5,Fringe,Turbinaria,0.747,34.6
2010,LTER 5,Fringe,Turbinaria,0.848,30.9
2010,LTER 5,Fringe,Turbinaria,0.796,34.8
2010,LTER 5,Fringe,Turbinaria,0.888,32.7
2010,LTER 5,Fringe,Turbinaria,0.773,36.1
2010,LTER 5,Fringe,Turbinaria,0.794,35.2
2010,LTER 5,Fringe,Turbinaria,0.863,32.3
2010,LTER 5,Fringe,Turbinaria,0.787,32.5
2010,LTER 5,Fringe,Turbinaria,0.8,33.6
2010,LTER 4,Fringe,Turbinaria,0.773,41.2
2010,LTER 4,Fringe,Turbinaria,0.616,50.1
2010,LTER 4,Fringe,Turbinaria,0.684,46.2
2010,LTER 4,Fringe,Turbinaria,0.649,47.1
2010,LTER 4,Fringe,Turbinaria,0.741,41
2010,LTER 4,Fringe,Turbinaria,0.678,44.6
2010,LTER 4,Fringe,Turbinaria,0.634,50.5
2010,LTER 4,Fringe,Turbinaria,0.79,37.8
2010,LTER 4,Fringe,Turbinaria,0.825,37.9
2011,LTER 1,Fringe,Turbinaria,0.72,39
2011,LTER 1,Fringe,Turbinaria,0.8,32.2
2011,LTER 1,Fringe,Turbinaria,0.76,37.5
2011,LTER 1,Fringe,Turbinaria,0.7,36.5
2011,LTER 1,Fringe,Turbinaria,0.86,32.5
2011,LTER 1,Fringe,Turbinaria,0.79,34.2
2011,LTER 1,Fringe,Turbinaria,0.65,41.2
2011,LTER 1,Fringe,Turbinaria,1.02,29.6
2011,LTER 1,Fringe,Turbinaria,0.88,30.8
2011,LTER 1,Fringe,Turbinaria,0.92,29.6
2011,LTER 1,Back Reef,Turbinaria,0.74,35.1
2011,LTER 1,Back Reef,Turbinaria,0.71,37.7
2011,LTER 1,Back Reef,Turbinaria,0.66,39.1
2011,LTER 1,Back Reef,Turbinaria,0.74,35.9
2011,LTER 1,Back Reef,Turbinaria,0.72,37.1
2011,LTER 1,Back Reef,Turbinaria,0.61,45.4
2011,LTER 1,Back Reef,Turbinaria,0.71,37.4
2011,LTER 1,Back Reef,Turbinaria,0.73,35.3
2011,LTER 1,Back Reef,Turbinaria,0.75,34.6
2011,LTER 1,Back Reef,Turbinaria,0.64,40.3
2011,LTER 1,Reef Crest,Turbinaria,0.74,40.9
2011,LTER 1,Reef Crest,Turbinaria,0.58,44.1
2011,LTER 1,Reef Crest,Turbinaria,0.65,46.6
2011,LTER 1,Reef Crest,Turbinaria,0.63,43.7
2011,LTER 1,Reef Crest,Turbinaria,0.61,44.5
2011,LTER 1,Reef Crest,Turbinaria,0.59,50.1
2011,LTER 1,Reef Crest,Turbinaria,0.7,44.9
2011,LTER 1,Reef Crest,Turbinaria,0.8,39.9
2011,LTER 1,Reef Crest,Turbinaria,0.67,46.9
2011,LTER 1,Reef Crest,Turbinaria,0.72,41.2
2011,LTER 2,Back Reef,Turbinaria,0.58,44.4
2011,LTER 2,Back Reef,Turbinaria,0.7,38.1
2011,LTER 2,Back Reef,Turbinaria,0.64,39.9
2011,LTER 2,Back Reef,Turbinaria,0.68,36.6
2011,LTER 2,Back Reef,Turbinaria,0.82,32.4
2011,LTER 2,Back Reef,Turbinaria,0.71,36
2011,LTER 2,Back Reef,Turbinaria,0.73,34.5
2011,LTER 2,Back Reef,Turbinaria,0.8,32.2
2011,LTER 2,Back Reef,Turbinaria,0.62,42.5
2011,LTER 2,Back Reef,Turbinaria,0.77,34.4
2011,LTER 2,Reef Crest,Turbinaria,0.57,46.2
2011,LTER 2,Reef Crest,Turbinaria,0.84,31
2011,LTER 2,Reef Crest,Turbinaria,0.69,39.7
2011,LTER 2,Reef Crest,Turbinaria,0.76,35.1
2011,LTER 2,Reef Crest,Turbinaria,0.74,35.5
2011,LTER 2,Reef Crest,Turbinaria,0.65,39.8
2011,LTER 2,Reef Crest,Turbinaria,0.569,49.1
2011,LTER 2,Reef Crest,Turbinaria,0.574,44.2
2011,LTER 2,Reef Crest,Turbinaria,0.559,46.4
2011,LTER 2,Reef Crest,Turbinaria,0.559,47.2
2011,LTER 2,Fringe,Turbinaria,0.924,29
2011,LTER 2,Fringe,Turbinaria,0.969,28.4
2011,LTER 2,Fringe,Turbinaria,0.816,33.6
2011,LTER 2,Fringe,Turbinaria,0.853,31.5
2011,LTER 2,Fringe,Turbinaria,0.827,33.9
2011,LTER 2,Fringe,Turbinaria,0.944,28.1
2011,LTER 2,Fringe,Turbinaria,0.769,33.4
2011,LTER 2,Fringe,Turbinaria,0.9,30
2011,LTER 2,Fringe,Turbinaria,0.803,33.2
2011,LTER 2,Fringe,Turbinaria,0.848,34.9
2011,LTER 3,Back Reef,Turbinaria,0.673,41.8
2011,LTER 3,Back Reef,Turbinaria,0.828,35.7
2011,LTER 3,Back Reef,Turbinaria,0.808,36.5
2011,LTER 3,Back Reef,Turbinaria,0.732,39.5
2011,LTER 3,Back Reef,Turbinaria,0.714,40.6
2011,LTER 3,Back Reef,Turbinaria,0.766,38
2011,LTER 3,Back Reef,Turbinaria,0.7,45.1
2011,LTER 3,Back Reef,Turbinaria,0.742,39.8
2011,LTER 3,Back Reef,Turbinaria,0.816,36.2
2011,LTER 3,Back Reef,Turbinaria,0.981,31
2011,LTER 3,Reef Crest,Turbinaria,0.887,36
2011,LTER 3,Reef Crest,Turbinaria,0.778,39.7
2011,LTER 3,Reef Crest,Turbinaria,0.897,34.5
2011,LTER 3,Reef Crest,Turbinaria,0.793,38.3
2011,LTER 3,Reef Crest,Turbinaria,0.836,35.7
2011,LTER 3,Reef Crest,Turbinaria,0.953,34.1
2011,LTER 3,Reef Crest,Turbinaria,0.883,32.7
2011,LTER 3,Reef Crest,Turbinaria,0.773,39.5
2011,LTER 3,Reef Crest,Turbinaria,0.833,35.3
2011,LTER 3,Reef Crest,Turbinaria,0.9,33.3
2011,LTER 3,Fringe,Turbinaria,1.35,20.2
2011,LTER 3,Fringe,Turbinaria,1.23,22.7
2011,LTER 3,Fringe,Turbinaria,1.01,26.1
2011,LTER 3,Fringe,Turbinaria,1.02,27.7
2011,LTER 3,Fringe,Turbinaria,0.86,32.1
2011,LTER 3,Fringe,Turbinaria,1.15,24.4
2011,LTER 4,Back Reef,Turbinaria,0.87,32.7
2011,LTER 4,Back Reef,Turbinaria,0.73,37.8
2011,LTER 4,Back Reef,Turbinaria,0.87,33.2
2011,LTER 4,Back Reef,Turbinaria,0.74,38.6
2011,LTER 4,Back Reef,Turbinaria,0.75,37.3
2011,LTER 4,Back Reef,Turbinaria,0.77,37.1
2011,LTER 4,Back Reef,Turbinaria,0.77,36.3
2011,LTER 4,Back Reef,Turbinaria,0.89,31.7
2011,LTER 4,Back Reef,Turbinaria,0.87,31.6
2011,LTER 4,Back Reef,Turbinaria,0.83,34
2011,LTER 4,Reef Crest,Turbinaria,0.59,48.7
2011,LTER 4,Reef Crest,Turbinaria,0.77,38.9
2011,LTER 4,Reef Crest,Turbinaria,0.75,39.9
2011,LTER 4,Reef Crest,Turbinaria,1.09,28.9
2011,LTER 4,Reef Crest,Turbinaria,0.76,40.8
2011,LTER 4,Reef Crest,Turbinaria,0.92,30.8
2011,LTER 4,Reef Crest,Turbinaria,0.69,42.3
2011,LTER 4,Reef Crest,Turbinaria,0.77,39.3
2011,LTER 4,Reef Crest,Turbinaria,0.91,34
2011,LTER 6,Reef Crest,Turbinaria,0.74,40.9
2011,LTER 6,Reef Crest,Turbinaria,0.82,34.9
2011,LTER 6,Reef Crest,Turbinaria,0.84,38.5
2011,LTER 6,Reef Crest,Turbinaria,0.87,30
2011,LTER 6,Reef Crest,Turbinaria,0.69,41.8
2011,LTER 6,Reef Crest,Turbinaria,0.8,36.5
2011,LTER 6,Reef Crest,Turbinaria,0.75,35.7
2011,LTER 6,Reef Crest,Turbinaria,0.54,59.8
2011,LTER 6,Reef Crest,Turbinaria,0.51,53.3
2011,LTER 6,Reef Crest,Turbinaria,0.57,49.7
2011,LTER 6,Fringe,Turbinaria,0.63,43.9
2011,LTER 6,Fringe,Turbinaria,0.56,43
2011,LTER 6,Fringe,Turbinaria,0.78,29.9
2011,LTER 6,Fringe,Turbinaria,0.81,30.9
2011,LTER 6,Fringe,Turbinaria,0.8,32.3
2011,LTER 6,Fringe,Turbinaria,0.68,35.4
2011,LTER 6,Fringe,Turbinaria,0.64,41
2011,LTER 6,Fringe,Turbinaria,0.69,37.6
2011,LTER 6,Fringe,Turbinaria,0.73,34.1
2011,LTER 6,Fringe,Turbinaria,0.72,34.6
2011,LTER 5,Reef Crest,Turbinaria,0.86,32.9
2011,LTER 5,Reef Crest,Turbinaria,0.75,39.8
2011,LTER 5,Reef Crest,Turbinaria,0.92,32.1
2011,LTER 5,Reef Crest,Turbinaria,0.89,33.7
2011,LTER 5,Reef Crest,Turbinaria,1,30.2
2011,LTER 5,Reef Crest,Turbinaria,0.96,30.4
2011,LTER 5,Reef Crest,Turbinaria,0.81,36.1
2011,LTER 5,Reef Crest,Turbinaria,0.83,34.9
2011,LTER 5,Reef Crest,Turbinaria,0.92,32.5
2011,LTER 5,Reef Crest,Turbinaria,0.92,31.5
2011,LTER 5,Fringe,Turbinaria,0.89,27.7
2011,LTER 5,Fringe,Turbinaria,1.01,26.4
2011,LTER 5,Fringe,Turbinaria,0.84,33
2011,LTER 5,Fringe,Turbinaria,0.91,28.7
2011,LTER 5,Fringe,Turbinaria,0.74,34.1
2011,LTER 5,Fringe,Turbinaria,0.83,32.2
2011,LTER 5,Fringe,Turbinaria,0.84,29.9
2011,LTER 5,Fringe,Turbinaria,0.81,31.3
2011,LTER 5,Fringe,Turbinaria,0.67,39.6
2011,LTER 5,Fringe,Turbinaria,0.94,26.8
2011,LTER 5,Back Reef,Turbinaria,0.81,35.9
2011,LTER 5,Back Reef,Turbinaria,0.76,36.2
2011,LTER 5,Back Reef,Turbinaria,0.66,41.7
2011,LTER 5,Back Reef,Turbinaria,0.71,41.1
2011,LTER 5,Back Reef,Turbinaria,0.8,37.4
2011,LTER 5,Back Reef,Turbinaria,0.79,37.9
2011,LTER 5,Back Reef,Turbinaria,0.67,42.1
2011,LTER 5,Back Reef,Turbinaria,0.81,36.1
2011,LTER 5,Back Reef,Turbinaria,0.79,37.6
2011,LTER 5,Back Reef,Turbinaria,0.78,37.3
2011,LTER 6,Back Reef,Turbinaria,0.72,38.4
2011,LTER 6,Back Reef,Turbinaria,0.66,43.4
2011,LTER 6,Back Reef,Turbinaria,0.81,31.1
2011,LTER 6,Back Reef,Turbinaria,0.69,39.9
2011,LTER 6,Back Reef,Turbinaria,0.7,36.3
2011,LTER 6,Back Reef,Turbinaria,0.74,39.1
2011,LTER 6,Back Reef,Turbinaria,0.75,39.7
2011,LTER 6,Back Reef,Turbinaria,0.67,42.3
2011,LTER 6,Back Reef,Turbinaria,0.73,39.2
2011,LTER 6,Back Reef,Turbinaria,0.71,38.2
2011,LTER 4,Fringe,Turbinaria,0.74,38.4
2011,LTER 4,Fringe,Turbinaria,0.75,41.9
2011,LTER 4,Fringe,Turbinaria,0.88,30.1
2011,LTER 4,Fringe,Turbinaria,0.7,42.9
2011,LTER 4,Fringe,Turbinaria,1.06,28.2
2011,LTER 4,Fringe,Turbinaria,0.67,45
2011,LTER 4,Fringe,Turbinaria,0.87,31.7
2011,LTER 4,Fringe,Turbinaria,0.71,40.8
2011,LTER 4,Fringe,Turbinaria,0.76,36.5
2011,LTER 4,Fringe,Turbinaria,0.96,29.3
2012,LTER 4,Back Reef,Turbinaria,0.75,39.8
2012,LTER 4,Back Reef,Turbinaria,0.91,32.5
2012,LTER 4,Back Reef,Turbinaria,0.86,34.2
2012,LTER 4,Back Reef,Turbinaria,0.98,27.8
2012,LTER 4,Back Reef,Turbinaria,0.83,35.1
2012,LTER 4,Back Reef,Turbinaria,0.86,33.4
2012,LTER 4,Back Reef,Turbinaria,0.77,36.1
2012,LTER 4,Back Reef,Turbinaria,0.94,30.8
2012,LTER 4,Back Reef,Turbinaria,0.91,30.8
2012,LTER 4,Back Reef,Turbinaria,0.82,36.9
2012,LTER 4,Fringe,Turbinaria,0.66,43.9
2012,LTER 4,Fringe,Turbinaria,0.73,39.1
2012,LTER 4,Fringe,Turbinaria,0.69,38.7
2012,LTER 4,Fringe,Turbinaria,0.66,42.7
2012,LTER 4,Fringe,Turbinaria,0.72,41.6
2012,LTER 4,Fringe,Turbinaria,0.82,33.6
2012,LTER 4,Fringe,Turbinaria,0.82,33.7
2012,LTER 4,Fringe,Turbinaria,0.81,32.6
2012,LTER 4,Fringe,Turbinaria,0.78,34.1
2012,LTER 4,Fringe,Turbinaria,0.83,33.8
2012,LTER 1,Reef Crest,Turbinaria,0.731,37.2
2012,LTER 1,Reef Crest,Turbinaria,0.662,39.5
2012,LTER 1,Reef Crest,Turbinaria,0.637,43.1
2012,LTER 1,Reef Crest,Turbinaria,0.759,37.8
2012,LTER 1,Reef Crest,Turbinaria,0.743,38.1
2012,LTER 1,Reef Crest,Turbinaria,0.822,33.5
2012,LTER 1,Reef Crest,Turbinaria,0.68,40.2
2012,LTER 1,Reef Crest,Turbinaria,0.589,45.3
2012,LTER 1,Reef Crest,Turbinaria,0.593,45.5
2012,LTER 1,Reef Crest,Turbinaria,0.69,36.9
2012,LTER 5,Back Reef,Turbinaria,0.817,34.6
2012,LTER 5,Back Reef,Turbinaria,0.863,34.1
2012,LTER 5,Back Reef,Turbinaria,0.915,32.5
2012,LTER 5,Back Reef,Turbinaria,0.801,35.6
2012,LTER 5,Back Reef,Turbinaria,0.989,30.3
2012,LTER 5,Back Reef,Turbinaria,0.875,33.7
2012,LTER 5,Back Reef,Turbinaria,0.797,35.6
2012,LTER 5,Back Reef,Turbinaria,0.832,34.2
2012,LTER 5,Back Reef,Turbinaria,0.868,33
2012,LTER 5,Back Reef,Turbinaria,0.872,33.8
2012,LTER 1,Fringe,Turbinaria,0.813,32.9
2012,LTER 1,Fringe,Turbinaria,0.714,38.3
2012,LTER 1,Fringe,Turbinaria,0.713,38.7
2012,LTER 1,Fringe,Turbinaria,0.741,36
2012,LTER 1,Fringe,Turbinaria,0.813,33.6
2012,LTER 1,Fringe,Turbinaria,0.771,36.5
2012,LTER 1,Fringe,Turbinaria,0.739,37.5
2012,LTER 1,Fringe,Turbinaria,0.937,30.1
2012,LTER 1,Fringe,Turbinaria,0.726,37.2
2012,LTER 1,Fringe,Turbinaria,0.772,34.9
2012,LTER 3,Back Reef,Turbinaria,0.836,34.5
2012,LTER 3,Back Reef,Turbinaria,0.734,37.1
2012,LTER 3,Back Reef,Turbinaria,0.763,37.1
2012,LTER 3,Back Reef,Turbinaria,0.557,48.6
2012,LTER 3,Back Reef,Turbinaria,0.752,35.5
2012,LTER 3,Back Reef,Turbinaria,0.792,35.2
2012,LTER 3,Back Reef,Turbinaria,0.731,38.4
2012,LTER 3,Back Reef,Turbinaria,0.694,38.9
2012,LTER 3,Back Reef,Turbinaria,0.744,39.8
2012,LTER 3,Back Reef,Turbinaria,0.744,36.6
2012,LTER 3,Reef Crest,Turbinaria,0.672,44.6
2012,LTER 3,Reef Crest,Turbinaria,0.874,32.8
2012,LTER 3,Reef Crest,Turbinaria,0.635,46.2
2012,LTER 3,Reef Crest,Turbinaria,0.907,31.9
2012,LTER 3,Reef Crest,Turbinaria,0.403,70.8
2012,LTER 3,Reef Crest,Turbinaria,0.635,45
2012,LTER 3,Reef Crest,Turbinaria,0.565,52.6
2012,LTER 3,Reef Crest,Turbinaria,0.683,40.9
2012,LTER 3,Reef Crest,Turbinaria,0.714,40.2
2012,LTER 3,Reef Crest,Turbinaria,0.65,40.5
2012,LTER 5,Fringe,Turbinaria,0.45,58.8
2012,LTER 5,Fringe,Turbinaria,0.752,35.8
2012,LTER 5,Fringe,Turbinaria,0.704,39.3
2012,LTER 5,Fringe,Turbinaria,0.586,45.2
2012,LTER 5,Fringe,Turbinaria,0.699,39.2
2012,LTER 5,Fringe,Turbinaria,0.639,43.2
2012,LTER 5,Fringe,Turbinaria,0.512,50.9
2012,LTER 5,Fringe,Turbinaria,0.589,46.2
2012,LTER 5,Fringe,Turbinaria,0.533,50.6
2012,LTER 5,Fringe,Turbinaria,0.64,40.3
2012,LTER 6,Back Reef,Turbinaria,0.779,35.7
2012,LTER 6,Back Reef,Turbinaria,0.803,34.1
2012,LTER 6,Back Reef,Turbinaria,0.646,44.2
2012,LTER 6,Back Reef,Turbinaria,0.737,39.2
2012,LTER 6,Back Reef,Turbinaria,0.601,44
2012,LTER 6,Back Reef,Turbinaria,0.661,46.4
2012,LTER 6,Back Reef,Turbinaria,0.636,44.7
2012,LTER 6,Back Reef,Turbinaria,0.699,40.5
2012,LTER 6,Back Reef,Turbinaria,0.58,49.7
2012,LTER 2,Back Reef,Turbinaria,0.785,34.9
2012,LTER 2,Back Reef,Turbinaria,0.843,27.8
2012,LTER 2,Back Reef,Turbinaria,0.838,30.1
2012,LTER 2,Back Reef,Turbinaria,0.8,33.4
2012,LTER 2,Back Reef,Turbinaria,0.827,31.5
2012,LTER 2,Back Reef,Turbinaria,0.736,33.4
2012,LTER 2,Back Reef,Turbinaria,0.668,41.1
2012,LTER 2,Back Reef,Turbinaria,0.797,34.5
2012,LTER 2,Back Reef,Turbinaria,0.774,33.3
2012,LTER 2,Back Reef,Turbinaria,0.787,33.4
2012,LTER 2,Reef Crest,Turbinaria,0.879,30.4
2012,LTER 2,Reef Crest,Turbinaria,0.982,27.6
2012,LTER 2,Reef Crest,Turbinaria,0.757,35.6
2012,LTER 2,Reef Crest,Turbinaria,0.82,33.1
2012,LTER 2,Reef Crest,Turbinaria,0.8,32.4
2012,LTER 2,Reef Crest,Turbinaria,0.76,36
2012,LTER 2,Reef Crest,Turbinaria,0.73,36.5
2012,LTER 2,Reef Crest,Turbinaria,0.7,37.5
2012,LTER 2,Reef Crest,Turbinaria,0.8,33.1
2012,LTER 2,Reef Crest,Turbinaria,0.67,38.5
2012,LTER 6,Reef Crest,Turbinaria,0.67,43.8
2012,LTER 6,Reef Crest,Turbinaria,0.58,46
2012,LTER 6,Reef Crest,Turbinaria,0.64,49
2012,LTER 6,Reef Crest,Turbinaria,0.66,45
2012,LTER 6,Reef Crest,Turbinaria,0.58,45.7
2012,LTER 6,Reef Crest,Turbinaria,0.66,44.6
2012,LTER 6,Reef Crest,Turbinaria,0.59,48.1
2012,LTER 6,Reef Crest,Turbinaria,0.65,43.8
2012,LTER 6,Reef Crest,Turbinaria,0.62,45.5
2012,LTER 6,Reef Crest,Turbinaria,0.78,39
2012,LTER 2,Fringe,Turbinaria,1.17,22.4
2012,LTER 2,Fringe,Turbinaria,0.99,26.7
2012,LTER 2,Fringe,Turbinaria,0.92,28.9
2012,LTER 2,Fringe,Turbinaria,0.81,28.6
2012,LTER 2,Fringe,Turbinaria,0.73,35.9
2012,LTER 2,Fringe,Turbinaria,0.88,30.2
2012,LTER 2,Fringe,Turbinaria,0.91,27.8
2012,LTER 2,Fringe,Turbinaria,0.84,29.8
2012,LTER 2,Fringe,Turbinaria,0.81,30.2
2012,LTER 2,Fringe,Turbinaria,0.86,28.7
2012,LTER 4,Reef Crest,Turbinaria,0.8,36.7
2012,LTER 4,Reef Crest,Turbinaria,0.88,31.6
2012,LTER 4,Reef Crest,Turbinaria,0.81,34.1
2012,LTER 4,Reef Crest,Turbinaria,0.84,31.7
2012,LTER 4,Reef Crest,Turbinaria,0.83,30.5
2012,LTER 4,Reef Crest,Turbinaria,0.59,49.4
2012,LTER 4,Reef Crest,Turbinaria,0.76,40.8
2012,LTER 4,Reef Crest,Turbinaria,0.94,29
2012,LTER 4,Reef Crest,Turbinaria,0.71,39.1
2012,LTER 4,Reef Crest,Turbinaria,0.55,50.3
2012,LTER 6,Fringe,Turbinaria,0.69,35
2012,LTER 6,Fringe,Turbinaria,0.61,47.2
2012,LTER 6,Fringe,Turbinaria,0.68,39.6
2012,LTER 6,Fringe,Turbinaria,0.65,40.4
2012,LTER 6,Fringe,Turbinaria,0.68,38.5
2012,LTER 6,Fringe,Turbinaria,0.56,44.7
2012,LTER 6,Fringe,Turbinaria,0.78,35.8
2012,LTER 6,Fringe,Turbinaria,0.61,41.5
2012,LTER 6,Fringe,Turbinaria,0.84,31
2012,LTER 6,Fringe,Turbinaria,0.7,39.3
2012,LTER 3,Fringe,Turbinaria,0.79,33.5
2012,LTER 3,Fringe,Turbinaria,0.86,29.9
2012,LTER 3,Fringe,Turbinaria,0.93,29.2
2012,LTER 3,Fringe,Turbinaria,0.99,26.8
2012,LTER 3,Fringe,Turbinaria,0.87,30
2012,LTER 3,Fringe,Turbinaria,0.85,32.7
2012,LTER 3,Fringe,Turbinaria,0.79,34.8
2012,LTER 3,Fringe,Turbinaria,0.88,29.5
2012,LTER 3,Fringe,Turbinaria,1,26.8
2012,LTER 3,Fringe,Turbinaria,0.9,28.4
2012,LTER 1,Back Reef,Turbinaria,0.8,33.5
2012,LTER 1,Back Reef,Turbinaria,0.87,31.1
2012,LTER 1,Back Reef,Turbinaria,0.76,35.7
2012,LTER 1,Back Reef,Turbinaria,0.8,34.5
2012,LTER 1,Back Reef,Turbinaria,0.54,50.2
2012,LTER 1,Back Reef,Turbinaria,0.73,37.6
2012,LTER 1,Back Reef,Turbinaria,0.69,38.2
2012,LTER 1,Back Reef,Turbinaria,0.84,32.2
2012,LTER 1,Back Reef,Turbinaria,0.86,31.9
2012,LTER 1,Back Reef,Turbinaria,0.75,31.9
2012,LTER 5,Reef Crest,Turbinaria,0.61,51.6
2012,LTER 5,Reef Crest,Turbinaria,0.69,39
2012,LTER 5,Reef Crest,Turbinaria,0.65,46.2
2012,LTER 5,Reef Crest,Turbinaria,0.6,50.8
2012,LTER 5,Reef Crest,Turbinaria,0.7,42.3
2012,LTER 5,Reef Crest,Turbinaria,0.64,45.7
2012,LTER 5,Reef Crest,Turbinaria,0.67,46.3
2012,LTER 5,Reef Crest,Turbinaria,0.72,41.1
2012,LTER 5,Reef Crest,Turbinaria,0.64,46.3
2012,LTER 5,Reef Crest,Turbinaria,0.76,37.9
2013,LTER 4,Back Reef,Turbinaria,0.58,41.7
2013,LTER 4,Back Reef,Turbinaria,0.66,34.2
2013,LTER 4,Back Reef,Turbinaria,0.58,47.1
2013,LTER 4,Back Reef,Turbinaria,0.5,55
2013,LTER 4,Back Reef,Turbinaria,0.66,36.1
2013,LTER 4,Back Reef,Turbinaria,0.52,46.8
2013,LTER 4,Back Reef,Turbinaria,0.49,59.2
2013,LTER 4,Back Reef,Turbinaria,0.54,47.8
2013,LTER 4,Back Reef,Turbinaria,0.63,45
2013,LTER 4,Back Reef,Turbinaria,0.6,43.8
2013,LTER 4,Fringe,Turbinaria,0.7,38.1
2013,LTER 4,Fringe,Turbinaria,0.58,45.2
2013,LTER 4,Fringe,Turbinaria,0.65,37.6
2013,LTER 4,Fringe,Turbinaria,0.59,41.9
2013,LTER 4,Fringe,Turbinaria,0.72,35.6
2013,LTER 4,Fringe,Turbinaria,0.49,46.4
2013,LTER 4,Fringe,Turbinaria,0.77,31.2
2013,LTER 4,Fringe,Turbinaria,0.65,38.2
2013,LTER 4,Fringe,Turbinaria,0.55,43.1
2013,LTER 4,Fringe,Turbinaria,0.6,39.8
2013,LTER 4,Reef Crest,Turbinaria,0.53,48.4
2013,LTER 4,Reef Crest,Turbinaria,0.58,51.6
2013,LTER 4,Reef Crest,Turbinaria,0.65,40.6
2013,LTER 4,Reef Crest,Turbinaria,0.66,45
2013,LTER 4,Reef Crest,Turbinaria,0.56,45.1
2013,LTER 4,Reef Crest,Turbinaria,0.61,51.4
2013,LTER 4,Reef Crest,Turbinaria,0.64,38.7
2013,LTER 4,Reef Crest,Turbinaria,0.57,47.1
2013,LTER 4,Reef Crest,Turbinaria,0.53,47.6
2013,LTER 4,Reef Crest,Turbinaria,0.55,50
2013,LTER 3,Fringe,Turbinaria,0.67,34.5
2013,LTER 3,Fringe,Turbinaria,0.73,33.1
2013,LTER 3,Fringe,Turbinaria,0.81,30.1
2013,LTER 3,Fringe,Turbinaria,0.72,32.4
2013,LTER 3,Fringe,Turbinaria,0.81,30.2
2013,LTER 3,Fringe,Turbinaria,0.8,28.7
2013,LTER 3,Fringe,Turbinaria,0.81,27.7
2013,LTER 3,Fringe,Turbinaria,0.72,31.5
2013,LTER 3,Fringe,Turbinaria,0.8,27
2013,LTER 3,Fringe,Turbinaria,0.83,30.7
2013,LTER 3,Back Reef,Turbinaria,0.7,37.5
2013,LTER 3,Back Reef,Turbinaria,0.64,39.5
2013,LTER 3,Back Reef,Turbinaria,0.8,30.8
2013,LTER 3,Back Reef,Turbinaria,0.38,36.8
2013,LTER 3,Back Reef,Turbinaria,0.68,38.9
2013,LTER 3,Back Reef,Turbinaria,0.65,41
2013,LTER 3,Back Reef,Turbinaria,0.55,47
2013,LTER 3,Back Reef,Turbinaria,0.71,41.1
2013,LTER 3,Back Reef,Turbinaria,0.65,41.4
2013,LTER 3,Back Reef,Turbinaria,0.8,31.3
2013,LTER 3,Reef Crest,Turbinaria,0.58,51.6
2013,LTER 3,Reef Crest,Turbinaria,0.43,65.1
2013,LTER 3,Reef Crest,Turbinaria,0.44,63.7
2013,LTER 3,Reef Crest,Turbinaria,0.66,43.3
2013,LTER 3,Reef Crest,Turbinaria,0.41,72.8
2013,LTER 3,Reef Crest,Turbinaria,0.62,48.8
2013,LTER 3,Reef Crest,Turbinaria,0.6,49.6
2013,LTER 3,Reef Crest,Turbinaria,0.58,50.7
2013,LTER 3,Reef Crest,Turbinaria,0.67,42.1
2013,LTER 3,Reef Crest,Turbinaria,0.54,53.3
2013,LTER 5,Reef Crest,Turbinaria,0.73,37.6
2013,LTER 5,Reef Crest,Turbinaria,0.74,36.6
2013,LTER 5,Reef Crest,Turbinaria,0.77,32.8
2013,LTER 5,Reef Crest,Turbinaria,0.62,42.1
2013,LTER 5,Reef Crest,Turbinaria,0.73,36.7
2013,LTER 5,Reef Crest,Turbinaria,0.58,43.5
2013,LTER 5,Reef Crest,Turbinaria,0.75,34.5
2013,LTER 5,Reef Crest,Turbinaria,0.61,42.3
2013,LTER 5,Reef Crest,Turbinaria,0.77,35.1
2013,LTER 5,Reef Crest,Turbinaria,0.78,34.9
2013,LTER 5,Back Reef,Turbinaria,0.75,36.8
2013,LTER 5,Back Reef,Turbinaria,0.62,42.6
2013,LTER 5,Back Reef,Turbinaria,0.57,46.5
2013,LTER 5,Back Reef,Turbinaria,0.76,32.7
2013,LTER 5,Back Reef,Turbinaria,0.71,35
2013,LTER 5,Back Reef,Turbinaria,0.62,41.7
2013,LTER 5,Back Reef,Turbinaria,0.64,39.8
2013,LTER 5,Back Reef,Turbinaria,0.69,39.6
2013,LTER 5,Back Reef,Turbinaria,0.47,45
2013,LTER 5,Back Reef,Turbinaria,0.63,40.5
2013,LTER 5,Fringe,Turbinaria,0.76,32
2013,LTER 5,Fringe,Turbinaria,0.86,31.2
2013,LTER 5,Fringe,Turbinaria,0.84,31.9
2013,LTER 5,Fringe,Turbinaria,0.89,29.9
2013,LTER 5,Fringe,Turbinaria,0.91,29.5
2013,LTER 5,Fringe,Turbinaria,0.77,33
2013,LTER 5,Fringe,Turbinaria,0.76,33.3
2013,LTER 5,Fringe,Turbinaria,0.94,28.4
2013,LTER 5,Fringe,Turbinaria,0.84,30
2013,LTER 5,Fringe,Turbinaria,0.77,31.7
2013,LTER 2,Reef Crest,Turbinaria,0.65,40.7
2013,LTER 2,Reef Crest,Turbinaria,0.69,39.7
2013,LTER 2,Reef Crest,Turbinaria,0.63,41.7
2013,LTER 2,Reef Crest,Turbinaria,0.63,42.1
2013,LTER 2,Reef Crest,Turbinaria,0.64,42.4
2013,LTER 2,Reef Crest,Turbinaria,0.65,45.2
2013,LTER 2,Reef Crest,Turbinaria,0.53,49.7
2013,LTER 2,Reef Crest,Turbinaria,0.66,40.9
2013,LTER 2,Reef Crest,Turbinaria,0.57,48.5
2013,LTER 2,Reef Crest,Turbinaria,0.54,56
2013,LTER 1,Reef Crest,Turbinaria,0.69,38.3
2013,LTER 1,Reef Crest,Turbinaria,0.87,28.8
2013,LTER 1,Reef Crest,Turbinaria,0.65,37.6
2013,LTER 1,Reef Crest,Turbinaria,0.84,26.9
2013,LTER 1,Reef Crest,Turbinaria,0.89,25.9
2013,LTER 1,Reef Crest,Turbinaria,0.72,35.3
2013,LTER 1,Reef Crest,Turbinaria,0.73,35.9
2013,LTER 1,Reef Crest,Turbinaria,0.74,38.1
2013,LTER 1,Reef Crest,Turbinaria,1.02,23.1
2013,LTER 1,Reef Crest,Turbinaria,0.75,36
2013,LTER 1,Fringe,Turbinaria,0.69,33.6
2013,LTER 1,Fringe,Turbinaria,0.73,33.5
2013,LTER 1,Fringe,Turbinaria,0.86,28.9
2013,LTER 1,Fringe,Turbinaria,0.66,35.9
2013,LTER 1,Fringe,Turbinaria,0.7,35.6
2013,LTER 1,Fringe,Turbinaria,0.86,29.4
2013,LTER 1,Fringe,Turbinaria,0.59,42.5
2013,LTER 1,Fringe,Turbinaria,0.71,34
2013,LTER 1,Fringe,Turbinaria,0.57,38.8
2013,LTER 1,Fringe,Turbinaria,0.71,32.7
2013,LTER 1,Back Reef,Turbinaria,0.65,36.4
2013,LTER 1,Back Reef,Turbinaria,0.7,35.8
2013,LTER 1,Back Reef,Turbinaria,0.69,36.4
2013,LTER 1,Back Reef,Turbinaria,0.64,39.4
2013,LTER 1,Back Reef,Turbinaria,0.71,33.7
2013,LTER 1,Back Reef,Turbinaria,0.77,35.1
2013,LTER 1,Back Reef,Turbinaria,0.65,36.6
2013,LTER 1,Back Reef,Turbinaria,0.62,36.3
2013,LTER 1,Back Reef,Turbinaria,0.65,39.7
2013,LTER 2,Back Reef,Turbinaria,0.52,43.1
2013,LTER 2,Back Reef,Turbinaria,0.66,37.4
2013,LTER 2,Back Reef,Turbinaria,0.62,39.6
2013,LTER 2,Back Reef,Turbinaria,0.69,37.4
2013,LTER 2,Back Reef,Turbinaria,0.84,31.9
2013,LTER 2,Back Reef,Turbinaria,0.74,34.8
2013,LTER 2,Back Reef,Turbinaria,0.83,30.6
2013,LTER 2,Back Reef,Turbinaria,0.72,34.4
2013,LTER 2,Back Reef,Turbinaria,0.72,34
2013,LTER 2,Back Reef,Turbinaria,0.78,32.9
2013,LTER 2,Fringe,Turbinaria,0.79,29.5
2013,LTER 2,Fringe,Turbinaria,0.92,27
2013,LTER 2,Fringe,Turbinaria,0.72,33
2013,LTER 2,Fringe,Turbinaria,0.72,30.9
2013,LTER 2,Fringe,Turbinaria,1.05,24
2013,LTER 2,Fringe,Turbinaria,0.85,30.9
2013,LTER 2,Fringe,Turbinaria,0.77,30.4
2013,LTER 2,Fringe,Turbinaria,0.88,29.9
2013,LTER 2,Fringe,Turbinaria,0.66,36.9
2013,LTER 2,Fringe,Turbinaria,0.84,31.2
2013,LTER 6,Reef Crest,Turbinaria,0.57,50.7
2013,LTER 6,Reef Crest,Turbinaria,0.54,52.5
2013,LTER 6,Reef Crest,Turbinaria,0.6,47.6
2013,LTER 6,Reef Crest,Turbinaria,0.52,56.2
2013,LTER 6,Reef Crest,Turbinaria,0.68,41.1
2013,LTER 6,Reef Crest,Turbinaria,0.68,45.8
2013,LTER 6,Reef Crest,Turbinaria,0.7,43.8
2013,LTER 6,Reef Crest,Turbinaria,0.67,41.3
2013,LTER 6,Reef Crest,Turbinaria,0.7,39.5
2013,LTER 6,Reef Crest,Turbinaria,0.73,33.6
2013,LTER 6,Fringe,Turbinaria,0.77,33.8
2013,LTER 6,Fringe,Turbinaria,0.83,31
2013,LTER 6,Fringe,Turbinaria,0.78,34.9
2013,LTER 6,Fringe,Turbinaria,0.94,29.4
2013,LTER 6,Fringe,Turbinaria,0.81,33.6
2013,LTER 6,Fringe,Turbinaria,0.67,37.5
2013,LTER 6,Fringe,Turbinaria,0.88,29.4
2013,LTER 6,Fringe,Turbinaria,0.86,31.8
2013,LTER 6,Fringe,Turbinaria,0.76,34.6
2013,LTER 6,Fringe,Turbinaria,0.85,32.3
2013,LTER 6,Back Reef,Turbinaria,0.69,40.6
2013,LTER 6,Back Reef,Turbinaria,0.58,48.3
2013,LTER 6,Back Reef,Turbinaria,0.82,31.4
2013,LTER 6,Back Reef,Turbinaria,0.67,41.9
2013,LTER 6,Back Reef,Turbinaria,0.64,43.1
2013,LTER 6,Back Reef,Turbinaria,0.73,36.3
2013,LTER 6,Back Reef,Turbinaria,0.53,58.9
2013,LTER 6,Back Reef,Turbinaria,0.48,58.6
2013,LTER 6,Back Reef,Turbinaria,0.73,37.1
2013,LTER 6,Back Reef,Turbinaria,0.56,52.8
2014,LTER 2,Reef Crest,Turbinaria,0.7,42.2
2014,LTER 2,Reef Crest,Turbinaria,0.57,44.6
2014,LTER 2,Reef Crest,Turbinaria,0.52,52.9
2014,LTER 2,Reef Crest,Turbinaria,0.84,29.7
2014,LTER 2,Reef Crest,Turbinaria,0.54,51
2014,LTER 2,Reef Crest,Turbinaria,0.76,33.5
2014,LTER 2,Reef Crest,Turbinaria,0.59,46.1
2014,LTER 2,Reef Crest,Turbinaria,0.6,47
2014,LTER 2,Reef Crest,Turbinaria,0.53,50.1
2014,LTER 2,Reef Crest,Turbinaria,0.54,49.5
2014,LTER 2,Fringe,Turbinaria,0.69,33.6
2014,LTER 2,Fringe,Turbinaria,0.81,32
2014,LTER 2,Fringe,Turbinaria,0.83,29.8
2014,LTER 2,Fringe,Turbinaria,0.86,32
2014,LTER 2,Fringe,Turbinaria,0.94,28.3
2014,LTER 2,Fringe,Turbinaria,0.75,34.7
2014,LTER 2,Fringe,Turbinaria,0.87,27.5
2014,LTER 2,Fringe,Turbinaria,0.82,32.4
2014,LTER 2,Fringe,Turbinaria,0.94,27.4
2014,LTER 2,Fringe,Turbinaria,0.89,27.4
2014,LTER 2,Back Reef,Turbinaria,0.76,32.6
2014,LTER 2,Back Reef,Turbinaria,0.54,46.8
2014,LTER 2,Back Reef,Turbinaria,0.73,33.5
2014,LTER 2,Back Reef,Turbinaria,0.76,34.9
2014,LTER 2,Back Reef,Turbinaria,0.75,34.8
2014,LTER 2,Back Reef,Turbinaria,0.64,40
2014,LTER 2,Back Reef,Turbinaria,0.63,40.1
2014,LTER 2,Back Reef,Turbinaria,0.89,27.6
2014,LTER 2,Back Reef,Turbinaria,0.63,40.7
2014,LTER 2,Back Reef,Turbinaria,0.79,33.4
2014,LTER 1,Back Reef,Turbinaria,0.62,39.3
2014,LTER 1,Back Reef,Turbinaria,0.58,44.9
2014,LTER 1,Back Reef,Turbinaria,0.77,31.9
2014,LTER 1,Back Reef,Turbinaria,0.47,58.3
2014,LTER 1,Back Reef,Turbinaria,0.47,56.1
2014,LTER 1,Back Reef,Turbinaria,0.53,49.4
2014,LTER 1,Back Reef,Turbinaria,0.73,39
2014,LTER 1,Back Reef,Turbinaria,0.63,42.7
2014,LTER 1,Back Reef,Turbinaria,0.94,25.7
2014,LTER 1,Back Reef,Turbinaria,0.69,38.9
2014,LTER 1,Reef Crest,Turbinaria,0.73,35.1
2014,LTER 1,Reef Crest,Turbinaria,0.74,36.4
2014,LTER 1,Reef Crest,Turbinaria,0.8,33.1
2014,LTER 1,Reef Crest,Turbinaria,0.85,30.5
2014,LTER 1,Reef Crest,Turbinaria,0.99,26.5
2014,LTER 1,Reef Crest,Turbinaria,0.82,32.4
2014,LTER 1,Reef Crest,Turbinaria,0.76,34.3
2014,LTER 1,Reef Crest,Turbinaria,0.74,36
2014,LTER 1,Reef Crest,Turbinaria,0.88,32.2
2014,LTER 1,Reef Crest,Turbinaria,0.86,30.6
2005,LTER 1,Fringe,Sargassum,1.35,27.86
2005,LTER 1,Fringe,Sargassum,1.25,31.86
2005,LTER 1,Fringe,Sargassum,1.36,22.74
2005,LTER 1,Fringe,Sargassum,1.29,26.13
2005,LTER 1,Fringe,Sargassum,1.31,28.02
2005,LTER 1,Fringe,Sargassum,1.5,23.27
2005,LTER 1,Fringe,Sargassum,1.23,30.38
2005,LTER 1,Fringe,Sargassum,1.75,20.17
2005,LTER 1,Fringe,Sargassum,1.21,32.12
2005,LTER 1,Back Reef,Sargassum,0.89,41.22
2005,LTER 1,Back Reef,Sargassum,1.09,33.71
2005,LTER 1,Back Reef,Sargassum,1.12,30.54
2005,LTER 1,Back Reef,Sargassum,1,34.81
2005,LTER 1,Back Reef,Sargassum,1.05,34.82
2005,LTER 1,Back Reef,Sargassum,1,28.44
2005,LTER 1,Back Reef,Sargassum,0.97,35.77
2005,LTER 1,Back Reef,Sargassum,1.03,37.04
2005,LTER 1,Back Reef,Sargassum,1.07,24.46
2005,LTER 1,Back Reef,Sargassum,1.11,36.41
2005,LTER 1,Reef Crest,Sargassum,0.95,35.78
2005,LTER 1,Reef Crest,Sargassum,0.86,42.45
2005,LTER 1,Reef Crest,Sargassum,1.01,35.67
2005,LTER 1,Reef Crest,Sargassum,0.9,36.99
2005,LTER 1,Reef Crest,Sargassum,0.86,45.02
2005,LTER 1,Reef Crest,Sargassum,1.45,21.45
2005,LTER 1,Reef Crest,Sargassum,0.87,39.89
2005,LTER 1,Reef Crest,Sargassum,1.07,30.47
2005,LTER 1,Reef Crest,Sargassum,1.05,32.88
2005,LTER 1,Reef Crest,Sargassum,0.93,31.3
2005,LTER 2,Back Reef,Sargassum,1.09,33.05
2005,LTER 2,Back Reef,Sargassum,1.05,29.1
2005,LTER 2,Back Reef,Sargassum,0.87,37.35
2005,LTER 2,Back Reef,Sargassum,0.93,39.09
2005,LTER 2,Back Reef,Sargassum,0.99,35.88
2005,LTER 2,Back Reef,Sargassum,1,38.05
2005,LTER 2,Back Reef,Sargassum,0.99,32.84
2005,LTER 2,Back Reef,Sargassum,1.23,27.99
2005,LTER 2,Back Reef,Sargassum,1.15,34.91
2005,LTER 2,Reef Crest,Sargassum,0.75,51.32
2005,LTER 2,Reef Crest,Sargassum,0.68,53.62
2005,LTER 2,Reef Crest,Sargassum,0.76,51.82
2005,LTER 2,Reef Crest,Sargassum,0.71,54.55
2005,LTER 2,Reef Crest,Sargassum,0.67,58.58
2005,LTER 2,Reef Crest,Sargassum,0.77,50.71
2005,LTER 2,Reef Crest,Sargassum,1.06,35.39
2005,LTER 2,Reef Crest,Sargassum,0.88,43.84
2005,LTER 2,Reef Crest,Sargassum,0.76,48.75
2005,LTER 2,Reef Crest,Sargassum,0.72,52.24
2005,LTER 4,Back Reef,Sargassum,0.61,60.18
2005,LTER 4,Back Reef,Sargassum,0.89,39.49
2005,LTER 4,Back Reef,Sargassum,0.75,45.85
2005,LTER 4,Back Reef,Sargassum,0.78,43.61
2005,LTER 4,Back Reef,Sargassum,0.79,42.7
2005,LTER 4,Back Reef,Sargassum,0.78,47.15
2005,LTER 4,Back Reef,Sargassum,0.81,45.77
2005,LTER 4,Back Reef,Sargassum,0.85,40.18
2005,LTER 4,Back Reef,Sargassum,0.93,41.82
2005,LTER 4,Back Reef,Sargassum,0.91,40.64
2005,LTER 5,Back Reef,Sargassum,0.91,40
2005,LTER 5,Back Reef,Sargassum,0.82,42.33
2005,LTER 5,Back Reef,Sargassum,0.88,39.07
2005,LTER 5,Back Reef,Sargassum,1.07,26.43
2005,LTER 5,Back Reef,Sargassum,0.99,36.62
2005,LTER 5,Back Reef,Sargassum,1,36.09
2005,LTER 5,Back Reef,Sargassum,0.76,53.48
2005,LTER 5,Back Reef,Sargassum,0.92,34.38
2005,LTER 5,Back Reef,Sargassum,0.91,37.92
2005,LTER 5,Back Reef,Sargassum,0.98,36.44
2005,LTER 6,Back Reef,Sargassum,0.75,51.02
2005,LTER 6,Back Reef,Sargassum,0.64,60.03
2005,LTER 6,Back Reef,Sargassum,0.77,50.45
2005,LTER 6,Back Reef,Sargassum,0.8,48.85
2005,LTER 6,Back Reef,Sargassum,0.81,40.07
2005,LTER 6,Back Reef,Sargassum,0.71,53.63
2005,LTER 6,Back Reef,Sargassum,0.9,42.78
2005,LTER 6,Back Reef,Sargassum,0.77,50.26
2005,LTER 6,Back Reef,Sargassum,0.74,48.77
2005,LTER 6,Back Reef,Sargassum,0.94,36.91
2006,LTER 1,Fringe,Sargassum,NA,18.77
2006,LTER 1,Fringe,Sargassum,NA,19.22
2006,LTER 1,Fringe,Sargassum,NA,16.34
2006,LTER 1,Fringe,Sargassum,NA,18.66
2006,LTER 1,Fringe,Sargassum,NA,18.7
2006,LTER 1,Fringe,Sargassum,NA,16.02
2006,LTER 1,Fringe,Sargassum,NA,16.46
2006,LTER 1,Fringe,Sargassum,NA,16.66
2006,LTER 1,Fringe,Sargassum,NA,17.62
2006,LTER 1,Fringe,Sargassum,NA,18.5
2006,LTER 1,Back Reef,Sargassum,NA,23.46
2006,LTER 1,Back Reef,Sargassum,NA,22.83
2006,LTER 1,Back Reef,Sargassum,NA,24.19
2006,LTER 1,Back Reef,Sargassum,NA,25.83
2006,LTER 1,Back Reef,Sargassum,NA,18.48
2006,LTER 1,Back Reef,Sargassum,NA,16.07
2006,LTER 1,Back Reef,Sargassum,NA,28.03
2006,LTER 1,Back Reef,Sargassum,NA,23.31
2006,LTER 1,Back Reef,Sargassum,NA,27.15
2006,LTER 1,Back Reef,Sargassum,NA,25.75
2006,LTER 1,Reef Crest,Sargassum,NA,23.3
2006,LTER 1,Reef Crest,Sargassum,NA,27.3
2006,LTER 1,Reef Crest,Sargassum,NA,27.02
2006,LTER 1,Reef Crest,Sargassum,NA,21.58
2006,LTER 1,Reef Crest,Sargassum,NA,27.6
2006,LTER 1,Reef Crest,Sargassum,NA,27.99
2006,LTER 1,Reef Crest,Sargassum,NA,24.49
2006,LTER 1,Reef Crest,Sargassum,NA,17.95
2006,LTER 1,Reef Crest,Sargassum,NA,27.1
2006,LTER 1,Reef Crest,Sargassum,NA,24.12
2006,LTER 2,Reef Crest,Sargassum,NA,20.16
2006,LTER 2,Reef Crest,Sargassum,NA,22.85
2006,LTER 2,Reef Crest,Sargassum,NA,24.97
2006,LTER 2,Reef Crest,Sargassum,NA,22.45
2006,LTER 2,Reef Crest,Sargassum,NA,24.31
2006,LTER 2,Reef Crest,Sargassum,NA,22.41
2006,LTER 2,Reef Crest,Sargassum,NA,27.44
2006,LTER 2,Reef Crest,Sargassum,NA,26.53
2006,LTER 2,Reef Crest,Sargassum,NA,23.87
2006,LTER 2,Reef Crest,Sargassum,NA,25.68
2006,LTER 3,Reef Crest,Sargassum,NA,30.01
2006,LTER 3,Reef Crest,Sargassum,NA,30.59
2006,LTER 3,Reef Crest,Sargassum,NA,32.51
2006,LTER 3,Reef Crest,Sargassum,NA,31.79
2006,LTER 3,Reef Crest,Sargassum,NA,34.74
2006,LTER 3,Reef Crest,Sargassum,NA,29.58
2006,LTER 3,Reef Crest,Sargassum,NA,36.92
2006,LTER 3,Reef Crest,Sargassum,NA,40.39
2006,LTER 3,Reef Crest,Sargassum,NA,38.03
2006,LTER 3,Reef Crest,Sargassum,NA,42.09
2006,LTER 4,Reef Crest,Sargassum,NA,42.04
2006,LTER 4,Reef Crest,Sargassum,NA,37.14
2006,LTER 4,Reef Crest,Sargassum,NA,33.31
2006,LTER 4,Reef Crest,Sargassum,NA,36.8
2006,LTER 4,Reef Crest,Sargassum,NA,25.2
2006,LTER 4,Reef Crest,Sargassum,NA,26.07
2006,LTER 4,Reef Crest,Sargassum,NA,33.22
2006,LTER 4,Reef Crest,Sargassum,NA,24.15
2006,LTER 4,Reef Crest,Sargassum,NA,25.32
2006,LTER 4,Reef Crest,Sargassum,NA,30.32
2006,LTER 5,Reef Crest,Sargassum,NA,28.88
2006,LTER 5,Reef Crest,Sargassum,NA,25.68
2006,LTER 5,Reef Crest,Sargassum,NA,26.41
2006,LTER 5,Reef Crest,Sargassum,NA,28.65
2006,LTER 5,Reef Crest,Sargassum,NA,24.56
2006,LTER 5,Reef Crest,Sargassum,NA,25.7
2006,LTER 5,Reef Crest,Sargassum,NA,26.67
2006,LTER 5,Reef Crest,Sargassum,NA,24.07
2006,LTER 5,Reef Crest,Sargassum,NA,21.31
2006,LTER 5,Reef Crest,Sargassum,NA,25.37
2006,LTER 6,Reef Crest,Sargassum,NA,30.73
2006,LTER 6,Reef Crest,Sargassum,NA,26.3
2006,LTER 6,Reef Crest,Sargassum,NA,24.04
2006,LTER 6,Reef Crest,Sargassum,NA,26.1
2006,LTER 6,Reef Crest,Sargassum,NA,23.19
2006,LTER 6,Reef Crest,Sargassum,NA,23.39
2006,LTER 6,Reef Crest,Sargassum,NA,25.82
2006,LTER 6,Reef Crest,Sargassum,NA,24.99
2006,LTER 6,Reef Crest,Sargassum,NA,28.67
2006,LTER 6,Reef Crest,Sargassum,NA,30.55
2007,LTER 1,Reef Crest,Sargassum,0.96,33.76
2007,LTER 1,Reef Crest,Sargassum,1.23,26.85
2007,LTER 1,Reef Crest,Sargassum,1.14,28.01
2007,LTER 1,Reef Crest,Sargassum,0.94,38.74
2007,LTER 1,Reef Crest,Sargassum,1.4,23.89
2007,LTER 1,Reef Crest,Sargassum,1.3,26.88
2007,LTER 1,Reef Crest,Sargassum,1.15,29.33
2007,LTER 1,Reef Crest,Sargassum,1.01,34.61
2007,LTER 1,Reef Crest,Sargassum,1.34,24.86
2007,LTER 2,Reef Crest,Sargassum,0.96,36.4
2007,LTER 2,Reef Crest,Sargassum,1.2,26.33
2007,LTER 2,Reef Crest,Sargassum,1.02,33.92
2007,LTER 2,Reef Crest,Sargassum,1.67,20.69
2007,LTER 2,Reef Crest,Sargassum,1.02,32.83
2007,LTER 2,Reef Crest,Sargassum,1.1,30.57
2007,LTER 2,Reef Crest,Sargassum,0.97,34.35
2007,LTER 2,Reef Crest,Sargassum,1.1,31.11
2007,LTER 2,Reef Crest,Sargassum,1.18,29.15
2007,LTER 2,Reef Crest,Sargassum,1.02,34.14
2007,LTER 3,Reef Crest,Sargassum,1.06,28.71
2007,LTER 3,Reef Crest,Sargassum,0.98,34.55
2007,LTER 3,Reef Crest,Sargassum,1.03,32.95
2007,LTER 3,Reef Crest,Sargassum,0.84,42.39
2007,LTER 3,Reef Crest,Sargassum,0.84,41.54
2007,LTER 3,Reef Crest,Sargassum,0.87,40.37
2007,LTER 3,Reef Crest,Sargassum,1.08,30.05
2007,LTER 3,Reef Crest,Sargassum,1.28,27.58
2007,LTER 3,Reef Crest,Sargassum,0.9,41.15
2007,LTER 3,Reef Crest,Sargassum,0.84,41.11
2007,LTER 4,Reef Crest,Sargassum,1.15,27.79
2007,LTER 4,Reef Crest,Sargassum,0.98,31.7
2007,LTER 4,Reef Crest,Sargassum,1.12,27.86
2007,LTER 4,Reef Crest,Sargassum,0.92,34.56
2007,LTER 4,Reef Crest,Sargassum,0.98,36.33
2007,LTER 4,Reef Crest,Sargassum,1.04,33.67
2007,LTER 4,Reef Crest,Sargassum,1.05,33.1
2007,LTER 4,Reef Crest,Sargassum,0.88,42.33
2007,LTER 4,Reef Crest,Sargassum,0.93,34.33
2007,LTER 4,Reef Crest,Sargassum,0.64,55.27
2007,LTER 5,Reef Crest,Sargassum,1.07,32.38
2007,LTER 5,Reef Crest,Sargassum,1.17,29.2
2007,LTER 5,Reef Crest,Sargassum,1.21,27.81
2007,LTER 5,Reef Crest,Sargassum,1.19,27.89
2007,LTER 5,Reef Crest,Sargassum,1.06,32.32
2007,LTER 5,Reef Crest,Sargassum,0.98,35.66
2007,LTER 5,Reef Crest,Sargassum,0.99,36.18
2007,LTER 5,Reef Crest,Sargassum,1.39,24.17
2007,LTER 5,Reef Crest,Sargassum,1.19,29.78
2007,LTER 5,Reef Crest,Sargassum,1.22,28.11
2007,LTER 6,Reef Crest,Sargassum,0.96,34.82
2007,LTER 6,Reef Crest,Sargassum,1.06,30.79
2007,LTER 6,Reef Crest,Sargassum,1.09,32.38
2007,LTER 6,Reef Crest,Sargassum,1.18,29.5
2007,LTER 6,Reef Crest,Sargassum,0.99,33.92
2007,LTER 6,Reef Crest,Sargassum,1.06,32.92
2007,LTER 6,Reef Crest,Sargassum,1,35.85
2007,LTER 6,Reef Crest,Sargassum,1.08,32
2007,LTER 6,Reef Crest,Sargassum,0.94,34.63
2008,LTER 1,Reef Crest,Sargassum,1.56,20.01
2008,LTER 1,Reef Crest,Sargassum,1.42,20.8
2008,LTER 1,Reef Crest,Sargassum,1.11,27.74
2008,LTER 1,Reef Crest,Sargassum,0.8,38.19
2008,LTER 1,Reef Crest,Sargassum,1.64,19.4
2008,LTER 1,Reef Crest,Sargassum,1.48,19.88
2008,LTER 1,Reef Crest,Sargassum,1.11,27.56
2008,LTER 1,Reef Crest,Sargassum,1.01,32.8
2008,LTER 1,Reef Crest,Sargassum,1.41,22.25
2008,LTER 1,Reef Crest,Sargassum,1.28,25.8
2008,LTER 1,Back Reef,Sargassum,1.06,31.74
2008,LTER 1,Back Reef,Sargassum,1.13,29.53
2008,LTER 1,Back Reef,Sargassum,1.13,29.16
2008,LTER 1,Back Reef,Sargassum,1.16,24.95
2008,LTER 1,Back Reef,Sargassum,0.9,36.81
2008,LTER 2,Reef Crest,Sargassum,1.04,28.59
2008,LTER 2,Reef Crest,Sargassum,1.13,27.74
2008,LTER 2,Reef Crest,Sargassum,1,34.07
2008,LTER 2,Reef Crest,Sargassum,1.3,24.3
2008,LTER 2,Reef Crest,Sargassum,1.13,27.77
2008,LTER 2,Reef Crest,Sargassum,0.94,33.1
2008,LTER 2,Reef Crest,Sargassum,1.38,21.52
2008,LTER 2,Reef Crest,Sargassum,1.29,23.63
2008,LTER 2,Reef Crest,Sargassum,1.35,22.44
2008,LTER 2,Reef Crest,Sargassum,1.24,27.03
2008,LTER 2,Back Reef,Sargassum,1.25,26.63
2008,LTER 2,Back Reef,Sargassum,1.27,26.02
2008,LTER 2,Back Reef,Sargassum,1.31,24.6
2008,LTER 2,Back Reef,Sargassum,1.24,26.79
2008,LTER 2,Back Reef,Sargassum,1.03,33.45
2008,LTER 2,Back Reef,Sargassum,1.15,30.44
2008,LTER 2,Back Reef,Sargassum,1.43,21.25
2008,LTER 2,Back Reef,Sargassum,1.07,30.82
2008,LTER 3,Reef Crest,Sargassum,1.04,30.06
2008,LTER 3,Reef Crest,Sargassum,1.04,30.47
2008,LTER 3,Reef Crest,Sargassum,0.98,33.06
2008,LTER 3,Reef Crest,Sargassum,0.89,34.64
2008,LTER 3,Reef Crest,Sargassum,0.95,34.41
2008,LTER 3,Reef Crest,Sargassum,1.16,26.69
2008,LTER 3,Reef Crest,Sargassum,1.18,25.27
2008,LTER 3,Reef Crest,Sargassum,1.34,23.34
2008,LTER 3,Reef Crest,Sargassum,0.8,39.58
2008,LTER 3,Reef Crest,Sargassum,1.04,30.49
2008,LTER 4,Reef Crest,Sargassum,0.9,39.46
2008,LTER 4,Reef Crest,Sargassum,0.86,38.86
2008,LTER 4,Reef Crest,Sargassum,0.94,36.77
2008,LTER 4,Reef Crest,Sargassum,0.94,36.62
2008,LTER 4,Reef Crest,Sargassum,1.01,31.99
2008,LTER 4,Reef Crest,Sargassum,1.04,30.95
2008,LTER 4,Reef Crest,Sargassum,1.08,30.96
2008,LTER 4,Reef Crest,Sargassum,0.98,34.25
2008,LTER 4,Reef Crest,Sargassum,1.29,23.45
2008,LTER 4,Reef Crest,Sargassum,1.01,33
2008,LTER 4,Back Reef,Sargassum,0.89,36.71
2008,LTER 5,Reef Crest,Sargassum,0.87,38.81
2008,LTER 5,Reef Crest,Sargassum,0.99,32.99
2008,LTER 5,Reef Crest,Sargassum,0.99,33.18
2008,LTER 5,Reef Crest,Sargassum,1,31.84
2008,LTER 5,Reef Crest,Sargassum,1.45,21.81
2008,LTER 5,Reef Crest,Sargassum,0.89,37.5
2008,LTER 5,Reef Crest,Sargassum,1.14,28.2
2008,LTER 5,Reef Crest,Sargassum,0.98,33.42
2008,LTER 5,Reef Crest,Sargassum,1.27,24.53
2008,LTER 5,Reef Crest,Sargassum,0.94,35.09
2008,LTER 6,Reef Crest,Sargassum,0.8,41.86
2008,LTER 6,Reef Crest,Sargassum,0.76,44.79
2008,LTER 6,Reef Crest,Sargassum,0.86,38.06
2008,LTER 6,Reef Crest,Sargassum,0.74,46.39
2008,LTER 6,Reef Crest,Sargassum,0.78,43.04
2008,LTER 6,Reef Crest,Sargassum,0.8,40.43
2008,LTER 6,Reef Crest,Sargassum,0.93,35.27
2008,LTER 6,Reef Crest,Sargassum,0.78,44.29
2008,LTER 6,Reef Crest,Sargassum,0.8,40.39
2008,LTER 6,Reef Crest,Sargassum,0.85,39.87
2009,LTER 1,Reef Crest,Sargassum,1.22,25
2009,LTER 1,Reef Crest,Sargassum,1.34,22.4
2009,LTER 1,Reef Crest,Sargassum,1.25,24
2009,LTER 1,Reef Crest,Sargassum,1.25,25.3
2009,LTER 1,Reef Crest,Sargassum,1.28,23.8
2009,LTER 1,Reef Crest,Sargassum,1.56,19.4
2009,LTER 1,Reef Crest,Sargassum,1.43,21.4
2009,LTER 1,Reef Crest,Sargassum,1.25,26.6
2009,LTER 1,Reef Crest,Sargassum,1.34,23.9
2009,LTER 1,Reef Crest,Sargassum,1.31,23.4
2009,LTER 2,Reef Crest,Sargassum,1.26,25.8
2009,LTER 2,Reef Crest,Sargassum,1.47,20.9
2009,LTER 2,Reef Crest,Sargassum,1.55,21
2009,LTER 2,Reef Crest,Sargassum,1.04,32.9
2009,LTER 2,Reef Crest,Sargassum,1.32,25
2009,LTER 2,Reef Crest,Sargassum,1.15,28
2009,LTER 2,Reef Crest,Sargassum,1.39,23.5
2009,LTER 2,Reef Crest,Sargassum,1.23,27
2009,LTER 2,Reef Crest,Sargassum,1.38,22.8
2009,LTER 2,Reef Crest,Sargassum,1.44,20
2009,LTER 3,Reef Crest,Sargassum,1.11,29.1
2009,LTER 3,Reef Crest,Sargassum,1.12,27.8
2009,LTER 3,Reef Crest,Sargassum,1.14,24.8
2009,LTER 3,Reef Crest,Sargassum,0.851,38.7
2009,LTER 3,Reef Crest,Sargassum,1.08,26.9
2009,LTER 3,Reef Crest,Sargassum,1.13,28.2
2009,LTER 3,Reef Crest,Sargassum,0.886,36
2009,LTER 3,Reef Crest,Sargassum,1.04,29.3
2009,LTER 3,Reef Crest,Sargassum,1.19,25.5
2009,LTER 3,Reef Crest,Sargassum,0.817,39.7
2009,LTER 4,Reef Crest,Sargassum,0.894,34.2
2009,LTER 4,Reef Crest,Sargassum,0.835,38.7
2009,LTER 4,Reef Crest,Sargassum,1.17,28.7
2009,LTER 4,Reef Crest,Sargassum,1.22,27.4
2009,LTER 4,Reef Crest,Sargassum,0.928,35.5
2009,LTER 4,Reef Crest,Sargassum,0.892,35.5
2009,LTER 4,Reef Crest,Sargassum,0.99,31.6
2009,LTER 4,Reef Crest,Sargassum,1.01,29.1
2009,LTER 4,Reef Crest,Sargassum,0.988,27.8
2009,LTER 4,Reef Crest,Sargassum,0.84,32.3
2009,LTER 5,Reef Crest,Sargassum,0.92,34.5
2009,LTER 5,Reef Crest,Sargassum,1.17,26.2
2009,LTER 5,Reef Crest,Sargassum,1.17,25
2009,LTER 5,Reef Crest,Sargassum,1.07,29.2
2009,LTER 5,Reef Crest,Sargassum,1.3,22.9
2009,LTER 5,Reef Crest,Sargassum,1.39,22.9
2009,LTER 5,Reef Crest,Sargassum,1.24,27.1
2009,LTER 5,Reef Crest,Sargassum,1.07,29.4
2009,LTER 5,Reef Crest,Sargassum,1.04,31.4
2009,LTER 5,Reef Crest,Sargassum,1.3,25.1
2009,LTER 6,Reef Crest,Sargassum,1.14,26.5
2009,LTER 6,Reef Crest,Sargassum,1.26,23.1
2009,LTER 6,Reef Crest,Sargassum,1.15,25.5
2009,LTER 6,Reef Crest,Sargassum,0.922,33.2
2009,LTER 6,Reef Crest,Sargassum,1.21,26.1
2009,LTER 6,Reef Crest,Sargassum,0.925,37.9
2009,LTER 6,Reef Crest,Sargassum,1.09,29.9
2009,LTER 6,Reef Crest,Sargassum,1,32.3
2009,LTER 6,Reef Crest,Sargassum,1.03,31.4
2011,LTER 1,Reef Crest,Sargassum,0.98,32.3
2011,LTER 1,Reef Crest,Sargassum,1.07,29.9
2011,LTER 1,Reef Crest,Sargassum,0.84,39
2011,LTER 1,Reef Crest,Sargassum,1.15,26.5
2011,LTER 1,Reef Crest,Sargassum,1.06,28.4
2011,LTER 1,Reef Crest,Sargassum,0.78,39.9
2011,LTER 1,Reef Crest,Sargassum,1.07,28.2
2011,LTER 1,Reef Crest,Sargassum,1.25,25
2011,LTER 1,Reef Crest,Sargassum,1.19,23.6
2011,LTER 4,Back Reef,Sargassum,1.22,25.4
2011,LTER 4,Back Reef,Sargassum,1.2,25.8
2011,LTER 4,Back Reef,Sargassum,1.35,24.2
2011,LTER 4,Back Reef,Sargassum,1.12,26.8
2011,LTER 4,Back Reef,Sargassum,1.21,26.4
2011,LTER 4,Back Reef,Sargassum,1.1,28.3
2011,LTER 4,Back Reef,Sargassum,1.15,28.9
2011,LTER 4,Back Reef,Sargassum,1.09,30.9
2011,LTER 4,Back Reef,Sargassum,1.28,25.2
2011,LTER 4,Back Reef,Sargassum,0.76,45.2
2011,LTER 5,Reef Crest,Sargassum,1.39,28.1
2011,LTER 5,Reef Crest,Sargassum,0.87,38.5
2011,LTER 5,Reef Crest,Sargassum,1.21,28.6
2011,LTER 5,Reef Crest,Sargassum,1.21,30.1
2011,LTER 5,Reef Crest,Sargassum,1.09,33.5
2011,LTER 5,Reef Crest,Sargassum,0.95,37.8
2011,LTER 5,Reef Crest,Sargassum,1.42,25.2
2011,LTER 5,Reef Crest,Sargassum,1.08,28.7
2011,LTER 5,Reef Crest,Sargassum,1.62,22.6
2011,LTER 5,Reef Crest,Sargassum,1.24,30.6
2011,LTER 4,Reef Crest,Sargassum,0.95,36.5
2011,LTER 4,Reef Crest,Sargassum,1.15,27.4
2011,LTER 4,Reef Crest,Sargassum,0.97,33.5
2011,LTER 4,Reef Crest,Sargassum,1.01,32.8
2011,LTER 4,Reef Crest,Sargassum,1.07,29.9
2011,LTER 4,Reef Crest,Sargassum,1.44,21.7
2011,LTER 4,Reef Crest,Sargassum,0.83,39.8
2011,LTER 4,Reef Crest,Sargassum,1.02,30.7
2011,LTER 4,Reef Crest,Sargassum,1.03,30.6
2011,LTER 4,Reef Crest,Sargassum,1.08,28.4
2011,LTER 3,Reef Crest,Sargassum,0.91,34
2011,LTER 3,Reef Crest,Sargassum,0.93,32.5
2011,LTER 3,Reef Crest,Sargassum,0.98,31.9
2011,LTER 3,Reef Crest,Sargassum,1.16,27.2
2011,LTER 3,Reef Crest,Sargassum,1.01,30.5
2011,LTER 3,Reef Crest,Sargassum,0.93,32.9
2011,LTER 3,Reef Crest,Sargassum,1.09,27.3
2011,LTER 3,Reef Crest,Sargassum,0.99,30.2
2011,LTER 3,Reef Crest,Sargassum,1.08,30.2
2011,LTER 3,Reef Crest,Sargassum,1.03,30.4
2011,LTER 2,Reef Crest,Sargassum,1.09,27.9
2011,LTER 2,Reef Crest,Sargassum,0.98,33.1
2011,LTER 2,Reef Crest,Sargassum,1.28,24.3
2011,LTER 2,Reef Crest,Sargassum,0.99,34
2011,LTER 2,Reef Crest,Sargassum,1,28.9
2011,LTER 2,Reef Crest,Sargassum,1.4,21.1
2011,LTER 2,Reef Crest,Sargassum,1.38,23.4
2011,LTER 2,Reef Crest,Sargassum,1.23,27.3
2011,LTER 2,Reef Crest,Sargassum,1.12,28.8
2011,LTER 2,Reef Crest,Sargassum,1.33,22.1
2011,LTER 3,Back Reef,Sargassum,0.85,37.5
2011,LTER 3,Back Reef,Sargassum,0.82,38.6
2011,LTER 3,Back Reef,Sargassum,1.06,29.8
2011,LTER 3,Fringe,Sargassum,1.49,20.3
2012,LTER 5,Reef Crest,Sargassum,0.91,37.3
2012,LTER 5,Reef Crest,Sargassum,0.91,37.9
2012,LTER 5,Reef Crest,Sargassum,1.09,26.8
2012,LTER 5,Reef Crest,Sargassum,0.98,30.2
2012,LTER 5,Reef Crest,Sargassum,1.14,25.4
2012,LTER 5,Reef Crest,Sargassum,0.98,34.3
2012,LTER 5,Reef Crest,Sargassum,0.91,34.7
2012,LTER 5,Reef Crest,Sargassum,1.06,32.2
2012,LTER 5,Reef Crest,Sargassum,0.87,36.7
2012,LTER 5,Reef Crest,Sargassum,0.93,36
2012,LTER 2,Reef Crest,Sargassum,1.08,30.3
2012,LTER 2,Reef Crest,Sargassum,1.01,34.4
2012,LTER 2,Reef Crest,Sargassum,1,32.4
2012,LTER 2,Reef Crest,Sargassum,1.29,25.7
2012,LTER 2,Reef Crest,Sargassum,0.91,38.1
2012,LTER 2,Reef Crest,Sargassum,1.01,31.6
2012,LTER 2,Reef Crest,Sargassum,0.899,38.7
2012,LTER 2,Reef Crest,Sargassum,1.11,44.3
2012,LTER 2,Reef Crest,Sargassum,1.1,27.1
2012,LTER 2,Reef Crest,Sargassum,1,33
2012,LTER 6,Reef Crest,Sargassum,0.772,43.7
2012,LTER 6,Reef Crest,Sargassum,0.939,35.8
2012,LTER 6,Reef Crest,Sargassum,0.608,57.2
2012,LTER 6,Reef Crest,Sargassum,0.887,38.9
2012,LTER 6,Reef Crest,Sargassum,0.847,39
2012,LTER 6,Reef Crest,Sargassum,0.789,43.6
2012,LTER 6,Reef Crest,Sargassum,0.709,48.6
2012,LTER 6,Reef Crest,Sargassum,0.736,46.9
2012,LTER 6,Reef Crest,Sargassum,0.705,47.6
2012,LTER 6,Reef Crest,Sargassum,0.79,42.5
2012,LTER 4,Back Reef,Sargassum,1.21,25.8
2012,LTER 4,Back Reef,Sargassum,1.18,28.9
2012,LTER 4,Back Reef,Sargassum,1.36,23.1
2012,LTER 4,Back Reef,Sargassum,1.13,29
2012,LTER 4,Back Reef,Sargassum,1.14,28
2012,LTER 4,Back Reef,Sargassum,1.04,30.8
2012,LTER 4,Back Reef,Sargassum,1.31,22.8
2012,LTER 4,Back Reef,Sargassum,1.26,24.5
2012,LTER 4,Back Reef,Sargassum,1.24,25.3
2012,LTER 4,Back Reef,Sargassum,1.34,22.9
2012,LTER 4,Reef Crest,Sargassum,1.12,29.6
2012,LTER 4,Reef Crest,Sargassum,1.31,23.1
2012,LTER 4,Reef Crest,Sargassum,1.16,28.4
2012,LTER 4,Reef Crest,Sargassum,0.93,34.8
2012,LTER 4,Reef Crest,Sargassum,1.08,29.7
2012,LTER 4,Reef Crest,Sargassum,1.06,31.2
2012,LTER 4,Reef Crest,Sargassum,1.56,19.6
2012,LTER 4,Reef Crest,Sargassum,1.27,24.9
2012,LTER 4,Reef Crest,Sargassum,1.47,20.5
2012,LTER 4,Reef Crest,Sargassum,1.41,21.2
2012,LTER 1,Reef Crest,Sargassum,1.22,26.1
2012,LTER 1,Reef Crest,Sargassum,1.28,24.1
2012,LTER 1,Reef Crest,Sargassum,1.07,29.6
2012,LTER 1,Reef Crest,Sargassum,1.13,27.6
2012,LTER 1,Reef Crest,Sargassum,1.2,28.6
2012,LTER 1,Reef Crest,Sargassum,1.21,28.6
2012,LTER 1,Reef Crest,Sargassum,1.23,27.1
2012,LTER 1,Reef Crest,Sargassum,0.96,36.3
2012,LTER 1,Reef Crest,Sargassum,1.14,28.6
2012,LTER 3,Reef Crest,Sargassum,1.09,29.8
2012,LTER 3,Reef Crest,Sargassum,1.16,28.3
2012,LTER 3,Reef Crest,Sargassum,1.08,31.6
2012,LTER 3,Reef Crest,Sargassum,0.79,42.5
2012,LTER 3,Reef Crest,Sargassum,0.9,36.2
2012,LTER 3,Reef Crest,Sargassum,0.99,32.7
2012,LTER 3,Reef Crest,Sargassum,0.8,43.5
2012,LTER 3,Reef Crest,Sargassum,1.14,28.2
2012,LTER 3,Reef Crest,Sargassum,1.05,32.6
2012,LTER 3,Reef Crest,Sargassum,0.8,39.3
2012,LTER 5,Back Reef,Sargassum,1.48,19.9
2012,LTER 5,Back Reef,Sargassum,1.26,24.5
2012,LTER 5,Back Reef,Sargassum,1.46,21.2
2012,LTER 5,Back Reef,Sargassum,1.49,21
2012,LTER 5,Back Reef,Sargassum,1.23,25.8
2012,LTER 5,Back Reef,Sargassum,1.05,30.7
2012,LTER 5,Back Reef,Sargassum,1.4,22.1
2012,LTER 5,Back Reef,Sargassum,1.29,24.5
2012,LTER 5,Back Reef,Sargassum,1.14,26.2
2012,LTER 5,Back Reef,Sargassum,1.13,28.4
2013,LTER 2,Back Reef,Sargassum,1.52,21.3
2013,LTER 2,Back Reef,Sargassum,1.42,20.9
2013,LTER 2,Back Reef,Sargassum,1.33,23.7
2013,LTER 2,Back Reef,Sargassum,1.57,19.1
2013,LTER 2,Back Reef,Sargassum,1.35,23.1
2013,LTER 2,Back Reef,Sargassum,1.72,16.6
2013,LTER 2,Back Reef,Sargassum,1.36,21.5
2013,LTER 2,Back Reef,Sargassum,1.45,20.1
2013,LTER 2,Back Reef,Sargassum,1.39,20.8
2013,LTER 2,Back Reef,Sargassum,1.45,19.2
2013,LTER 1,Reef Crest,Sargassum,1.16,26.3
2013,LTER 1,Reef Crest,Sargassum,1.12,28.3
2013,LTER 1,Reef Crest,Sargassum,1.29,23.9
2013,LTER 1,Reef Crest,Sargassum,1.1,25.9
2013,LTER 1,Reef Crest,Sargassum,1,32.6
2013,LTER 1,Reef Crest,Sargassum,1.16,24.7
2013,LTER 1,Reef Crest,Sargassum,1.22,21.8
2013,LTER 1,Reef Crest,Sargassum,1.32,20.4
2013,LTER 1,Reef Crest,Sargassum,1.19,24.7
2013,LTER 1,Reef Crest,Sargassum,1.02,28
2013,LTER 2,Reef Crest,Sargassum,1.28,23.3
2013,LTER 2,Reef Crest,Sargassum,1.06,27.8
2013,LTER 2,Reef Crest,Sargassum,1.26,21.3
2013,LTER 2,Reef Crest,Sargassum,0.89,34.2
2013,LTER 2,Reef Crest,Sargassum,0.91,35.9
2013,LTER 2,Reef Crest,Sargassum,1.13,25.7
2013,LTER 2,Reef Crest,Sargassum,1.35,20.6
2013,LTER 2,Reef Crest,Sargassum,0.82,40
2013,LTER 2,Reef Crest,Sargassum,1.01,31.1
2013,LTER 2,Reef Crest,Sargassum,1.06,28.9
2013,LTER 1,Back Reef,Sargassum,1.2,21.5
2013,LTER 1,Back Reef,Sargassum,1.58,19.4
2013,LTER 1,Back Reef,Sargassum,1.11,27.6
2013,LTER 1,Back Reef,Sargassum,1.19,24
2013,LTER 1,Back Reef,Sargassum,1.08,24.3
2013,LTER 1,Back Reef,Sargassum,1.29,22.7
2013,LTER 1,Back Reef,Sargassum,1.18,23.3
2013,LTER 1,Back Reef,Sargassum,1.37,21.2
2013,LTER 1,Back Reef,Sargassum,1.39,22.2
2013,LTER 1,Back Reef,Sargassum,1.48,20
2013,LTER 4,Back Reef,Sargassum,1.15,27.7
2013,LTER 4,Back Reef,Sargassum,1.32,22.8
2013,LTER 4,Back Reef,Sargassum,1.15,29.3
2013,LTER 4,Back Reef,Sargassum,1.2,26.4
2013,LTER 4,Back Reef,Sargassum,1.39,23.8
2013,LTER 4,Back Reef,Sargassum,1.64,21.5
2013,LTER 4,Back Reef,Sargassum,2.01,16.3
2013,LTER 4,Back Reef,Sargassum,1.01,31.3
2013,LTER 4,Back Reef,Sargassum,1.11,27.8
2013,LTER 4,Back Reef,Sargassum,0.98,32.9
2013,LTER 3,Back Reef,Sargassum,1.72,20.4
2013,LTER 3,Back Reef,Sargassum,1.59,20.2
2013,LTER 3,Back Reef,Sargassum,1.66,19.8
2013,LTER 3,Back Reef,Sargassum,1.34,25.1
2013,LTER 3,Back Reef,Sargassum,1.51,23.8
2013,LTER 3,Back Reef,Sargassum,1.41,23.9
2013,LTER 3,Back Reef,Sargassum,1.49,20.1
2013,LTER 3,Back Reef,Sargassum,1.3,24.7
2013,LTER 3,Back Reef,Sargassum,1.22,28.3
2013,LTER 5,Reef Crest,Sargassum,1,28.4
2013,LTER 5,Reef Crest,Sargassum,0.86,35.9
2013,LTER 5,Reef Crest,Sargassum,1.02,29.5
2013,LTER 5,Reef Crest,Sargassum,1.13,28.7
2013,LTER 5,Reef Crest,Sargassum,0.94,34
2013,LTER 5,Reef Crest,Sargassum,1.22,26.8
2013,LTER 5,Reef Crest,Sargassum,0.99,30.7
2013,LTER 5,Reef Crest,Sargassum,1.24,25.3
2013,LTER 5,Reef Crest,Sargassum,1,31.7
2013,LTER 5,Back Reef,Sargassum,1.05,33.1
2013,LTER 5,Back Reef,Sargassum,1.34,24.9
2013,LTER 5,Back Reef,Sargassum,1.64,20.2
2013,LTER 5,Back Reef,Sargassum,1.21,26.8
2013,LTER 5,Back Reef,Sargassum,1.38,24
2013,LTER 5,Back Reef,Sargassum,1.41,22.4
2013,LTER 5,Back Reef,Sargassum,1.08,27.9
2013,LTER 5,Back Reef,Sargassum,1,34.9
2013,LTER 5,Back Reef,Sargassum,1.22,27.2
2013,LTER 5,Back Reef,Sargassum,1.52,22.6
2013,LTER 3,Reef Crest,Sargassum,1.06,25.5
2013,LTER 3,Reef Crest,Sargassum,1.18,26.9
2013,LTER 3,Reef Crest,Sargassum,1.16,25.2
2013,LTER 3,Reef Crest,Sargassum,0.87,35
2013,LTER 3,Reef Crest,Sargassum,0.94,29.6
2013,LTER 3,Reef Crest,Sargassum,1.11,30
2013,LTER 3,Reef Crest,Sargassum,0.84,31.3
2013,LTER 3,Reef Crest,Sargassum,0.99,34.4
2013,LTER 3,Reef Crest,Sargassum,0.99,35.2
2013,LTER 3,Reef Crest,Sargassum,0.95,32
2013,LTER 6,Reef Crest,Sargassum,1.23,25.5
2013,LTER 6,Reef Crest,Sargassum,1.25,26.2
2013,LTER 6,Reef Crest,Sargassum,1.23,25.3
2013,LTER 6,Reef Crest,Sargassum,1.23,25.9
2013,LTER 6,Reef Crest,Sargassum,1.3,22.2
2013,LTER 6,Reef Crest,Sargassum,1.11,25.4
2013,LTER 6,Reef Crest,Sargassum,1.11,28.6
2013,LTER 6,Reef Crest,Sargassum,1.39,20.8
2013,LTER 6,Reef Crest,Sargassum,1.27,22.9
2013,LTER 6,Reef Crest,Sargassum,1.37,23.3
2013,LTER 4,Reef Crest,Sargassum,1.17,25.1
2013,LTER 4,Reef Crest,Sargassum,1.03,29.9
2013,LTER 4,Reef Crest,Sargassum,1.07,28.7
2013,LTER 4,Reef Crest,Sargassum,1.09,28.9
2013,LTER 4,Reef Crest,Sargassum,1.11,27.2
2013,LTER 4,Reef Crest,Sargassum,1.05,32.7
2013,LTER 4,Reef Crest,Sargassum,1.36,21.6
2013,LTER 4,Reef Crest,Sargassum,1.22,24.5
2013,LTER 4,Reef Crest,Sargassum,1.13,26.9
2013,LTER 4,Reef Crest,Sargassum,1.11,26.2
2013,LTER 4,Fringe,Sargassum,0.95,31.1
2013,LTER 4,Fringe,Sargassum,1.24,24.3
2013,LTER 4,Fringe,Sargassum,1.17,25.2
2013,LTER 4,Fringe,Sargassum,0.99,30.3
2013,LTER 3,Fringe,Sargassum,1.51,20.6
2013,LTER 3,Fringe,Sargassum,1.31,23.9
2013,LTER 3,Fringe,Sargassum,1.26,24.7
2013,LTER 3,Fringe,Sargassum,1.21,24.4
2013,LTER 6,Back Reef,Sargassum,1.27,25.8
2014,LTER 2,Reef Crest,Sargassum,1.13,25.3
2014,LTER 2,Reef Crest,Sargassum,0.75,39.4
2014,LTER 2,Reef Crest,Sargassum,1.27,21.6
2014,LTER 2,Reef Crest,Sargassum,1.05,28.7
2014,LTER 2,Reef Crest,Sargassum,0.83,37.1
2014,LTER 2,Reef Crest,Sargassum,0.81,38.5
2014,LTER 2,Reef Crest,Sargassum,0.73,43.6
2014,LTER 2,Reef Crest,Sargassum,0.98,28.2
2014,LTER 2,Reef Crest,Sargassum,0.87,35.5
2014,LTER 2,Back Reef,Sargassum,0.92,34.5
2014,LTER 2,Back Reef,Sargassum,1.1,25
2014,LTER 2,Back Reef,Sargassum,1.02,28.6
2014,LTER 2,Back Reef,Sargassum,1.01,29.1
2014,LTER 2,Back Reef,Sargassum,0.98,32.3
2014,LTER 2,Back Reef,Sargassum,1.48,18.6
2014,LTER 2,Back Reef,Sargassum,1.29,20.7
2014,LTER 2,Back Reef,Sargassum,1.11,25.9
2014,LTER 2,Back Reef,Sargassum,1.03,28.3
2014,LTER 2,Back Reef,Sargassum,1.22,24
2014,LTER 1,Back Reef,Sargassum,0.95,26.1
2014,LTER 1,Back Reef,Sargassum,1.19,24.1
2014,LTER 1,Back Reef,Sargassum,0.79,30.9
2014,LTER 1,Back Reef,Sargassum,1.13,25.4
2014,LTER 1,Back Reef,Sargassum,1.15,23.3
2014,LTER 1,Back Reef,Sargassum,1.16,23
2014,LTER 1,Back Reef,Sargassum,1.11,26.1
2014,LTER 1,Back Reef,Sargassum,1.24,21.4
2014,LTER 1,Back Reef,Sargassum,1,27.3
